不	Z	-	PZ	十一尤	13895
人	P	文	P	十一真	10696
山	P	寒	P	十五删	9318
无	P	姑	P	七虞	9065
日	Z	-	Z	-	8625
风	P	庚	P	一东	8550
云	P	文	P	十二文	7759
一	P	齐	Z	-	7489
何	P	波	P	五歌	7206
有	Z	-	Z	-	7168
天	P	寒	P	一先	6530
中	P	庚	PZ	一东	6254
来	P	开	P	十灰	6095
水	Z	-	Z	-	6068
时	P	支	P	四支	6040
月	Z	-	Z	-	5986
生	P	庚	P	八庚	5735
上	Z	-	Z	-	5658
心	P	文	P	十二侵	5630
春	P	文	P	十一真	5549
为	Z	-	PZ	四支	5539
自	Z	-	Z	-	5422
相	P	唐	PZ	七阳	5387
此	Z	-	Z	-	5074
花	P	麻	PZ	六麻	4990
秋	P	尤	P	十一尤	4929
长	Z	-	PZ	七阳	4916
归	P	微	P	五微	4816
清	P	庚	P	八庚	4793
如	P	姑	PZ	六鱼	4786
知	P	支	P	四支	4782
行	P	庚	PZ	七阳|八庚	4760
君	P	文	P	十二文	4708
白	P	开	Z	-	4616
年	P	寒	P	一先	4515
空	P	庚	PZ	一东	4459
见	Z	-	Z	-	4375
去	Z	-	Z	-	4339
高	P	豪	P	四豪	4288
在	Z	-	Z	-	4264
远	Z	-	Z	-	4109
夜	Z	-	Z	-	4065
下	Z	-	Z	-	4012
江	P	唐	P	三江	4009
客	Z	-	Z	-	3932
未	Z	-	Z	-	3895
多	P	波	P	五歌	3848
寒	P	寒	P	十四寒	3790
明	P	庚	P	八庚	3718
里	Z	-	Z	-	3710
门	P	文	P	十三元	3659
道	Z	-	Z	-	3633
得	P	波	Z	-	3614
子	Z	-	Z	-	3586
落	Z	-	Z	-	3505
路	Z	-	Z	-	3475
出	P	姑	Z	-	3473
青	P	庚	P	九青	3439
我	Z	-	Z	-	3372
朝	P	豪	P	二萧	3297
雨	Z	-	Z	-	3297
与	Z	-	PZ	六鱼	3255
事	Z	-	Z	-	3238
草	Z	-	Z	-	3234
入	Z	-	Z	-	3215
思	P	支	PZ	四支	3213
南	P	寒	P	十三覃	3151
处	Z	-	Z	-	3138
深	P	文	PZ	十二侵	3123
千	P	寒	P	一先	3113
树	Z	-	Z	-	3094
声	P	庚	P	八庚	3086
三	P	寒	PZ	十三覃	3082
流	P	尤	P	十一尤	3049
地	Z	-	Z	-	3047
已	Z	-	Z	-	3037
城	P	庚	P	八庚	3033
色	Z	-	Z	-	3022
新	P	文	P	十一真	2997
今	P	文	P	十二侵	2995
金	P	文	P	十二侵	2995
别	P	皆	Z	-	2957
可	Z	-	Z	-	2955
还	P	开	P	十五删|一先	2929
林	P	文	P	十二侵	2907
开	P	开	P	十灰	2903
万	Z	-	Z	-	2902
是	Z	-	Z	-	2884
飞	P	微	P	五微	2875
家	P	麻	P	六麻	2869
独	P	姑	Z	-	2848
玉	Z	-	Z	-	2848
东	P	庚	P	一东	2830
谁	P	微	P	四支	2813
同	P	庚	P	一东	2794
石	P	支	Z	-	2780
前	P	寒	P	一先	2773
复	Z	-	Z	-	2750
游	P	尤	P	十一尤	2740
烟	P	寒	P	一先	2740
望	Z	-	PZ	七阳	2719
光	P	唐	P	七阳	2709
尽	Z	-	Z	-	2708
闻	P	文	PZ	十二文	2705
将	P	唐	PZ	七阳	2688
方	P	唐	P	七阳	2649
欲	Z	-	Z	-	2626
成	P	庚	P	八庚	2611
马	Z	-	Z	-	2609
酒	Z	-	Z	-	2588
海	Z	-	Z	-	2580
西	P	齐	P	八齐	2574
应	P	庚	PZ	十蒸	2566
回	P	微	PZ	十灰	2520
古	Z	-	Z	-	2483
难	P	寒	PZ	十四寒	2481
雪	Z	-	Z	-	2460
重	Z	-	PZ	二冬	2454
闲	P	寒	P	十五删	2445
从	P	庚	PZ	二冬	2418
阳	P	唐	P	七阳	2391
身	P	文	P	十一真	2387
情	P	庚	P	八庚	2367
书	P	姑	P	六鱼	2355
气	Z	-	Z	-	2354
老	Z	-	Z	-	2328
鸟	Z	-	Z	-	2323
言	P	寒	P	十三元	2318
亦	Z	-	Z	-	2316
更	Z	-	PZ	八庚	2315
衣	P	齐	PZ	五微	2286
非	P	微	P	五微	2272
尘	P	文	P	十一真	2233
名	P	庚	P	八庚	2205
愁	P	尤	P	十一尤	2197
向	Z	-	Z	-	2181
当	P	唐	PZ	七阳	2154
意	Z	-	Z	-	2151
能	P	庚	P	十灰|十蒸	2148
所	Z	-	Z	-	2144
看	Z	-	PZ	十四寒	2143
分	P	文	PZ	十二文	2126
叶	Z	-	Z	-	2123
然	P	寒	P	一先	2112
香	P	唐	P	七阳	2097
发	P	麻	Z	-	2092
旧	Z	-	Z	-	2092
歌	P	波	P	五歌	2064
余	P	齐	P	六鱼	2052
松	P	庚	P	二冬	2050
满	Z	-	Z	-	2048
平	P	庚	P	一先|八庚	2047
幽	P	尤	P	十一尤	2032
离	P	齐	PZ	四支	2013
外	Z	-	Z	-	2005
北	Z	-	Z	-	2002
犹	P	尤	PZ	十一尤	1991
起	Z	-	Z	-	1988
过	Z	-	PZ	五歌	1987
故	Z	-	Z	-	1975
孤	P	姑	P	七虞	1947
竹	P	姑	Z	-	1935
作	Z	-	Z	-	1921
随	P	微	P	四支	1919
安	P	寒	P	十四寒	1914
暮	Z	-	Z	-	1904
后	Z	-	Z	-	1898
晚	Z	-	Z	-	1890
大	Z	-	Z	-	1882
华	P	麻	PZ	六麻	1871
黄	P	唐	P	七阳	1849
龙	P	庚	PZ	二冬	1835
阴	P	文	P	十二侵	1833
临	P	文	PZ	十二侵	1832
坐	Z	-	Z	-	1829
野	Z	-	Z	-	1825
终	P	庚	P	一东	1820
间	P	寒	PZ	十五删	1812
初	P	姑	P	六鱼	1799
莫	Z	-	Z	-	1796
露	Z	-	Z	-	1794
诗	P	支	P	四支	1769
国	P	波	Z	-	1764
吟	P	文	PZ	十二侵	1735
文	P	文	P	十二文	1730
几	Z	-	PZ	五微	1723
楼	P	尤	P	十一尤	1717
台	P	开	P	四支|十灰	1716
岁	Z	-	Z	-	1714
岂	Z	-	Z	-	1713
期	P	齐	P	四支	1706
仙	P	寒	PZ	一先	1702
芳	P	唐	P	七阳	1695
公	P	庚	P	一东	1686
微	P	微	P	五微	1684
世	Z	-	Z	-	1682
似	Z	-	Z	-	1682
汉	Z	-	PZ	十四寒	1671
泉	P	寒	P	一先	1670
因	P	文	P	十一真	1659
百	Z	-	Z	-	1652
霜	P	唐	P	七阳	1645
连	P	寒	P	一先	1643
若	Z	-	Z	-	1638
关	P	寒	P	十五删	1631
留	P	尤	PZ	十一尤	1631
到	Z	-	Z	-	1619
乡	P	唐	PZ	七阳	1606
河	P	波	P	五歌	1592
逢	P	庚	P	一东|二冬|三江	1590
五	Z	-	Z	-	1581
影	Z	-	Z	-	1578
梦	Z	-	PZ	一东	1576
王	P	唐	PZ	七阳	1571
物	Z	-	Z	-	1549
边	P	寒	P	一先	1548
问	Z	-	Z	-	1547
夕	P	齐	Z	-	1546
近	Z	-	Z	-	1545
静	Z	-	Z	-	1545
头	P	尤	P	十一尤	1542
居	P	齐	P	四支|六鱼	1531
四	Z	-	Z	-	1522
波	P	波	P	五歌	1522
池	P	支	P	四支	1515
者	Z	-	Z	-	1511
轻	P	庚	PZ	八庚	1507
十	P	支	Z	-	1504
神	P	文	P	十一真	1498
共	Z	-	PZ	二冬	1479
经	P	庚	PZ	九青	1476
好	Z	-	Z	-	1467
动	Z	-	Z	-	1459
乐	Z	-	Z	-	1454
照	Z	-	Z	-	1453
少	Z	-	Z	-	1451
久	Z	-	Z	-	1449
怀	P	开	P	九佳	1446
木	Z	-	Z	-	1437
庭	P	庚	PZ	九青	1434
遥	P	豪	P	二萧	1434
惊	P	庚	P	八庚	1433
红	P	庚	P	一东	1431
苦	Z	-	Z	-	1429
绿	Z	-	Z	-	1406
舟	P	尤	P	十一尤	1402
悲	P	微	P	四支	1398
柳	Z	-	Z	-	1394
常	P	唐	P	七阳	1390
枝	P	支	P	四支	1386
忽	P	姑	Z	-	1381
鸣	P	庚	P	八庚	1379
登	P	庚	P	十蒸	1368
景	Z	-	Z	-	1354
以	Z	-	Z	-	1345
楚	Z	-	Z	-	1343
通	P	庚	P	一东	1336
至	Z	-	Z	-	1334
浮	P	姑	P	七虞|十一尤	1328
醉	Z	-	Z	-	1327
寻	P	文	P	十二侵	1326
曲	P	齐	Z	-	1323
对	Z	-	Z	-	1318
小	Z	-	Z	-	1314
峰	P	庚	P	二冬	1308
沙	P	麻	P	六麻	1300
正	Z	-	PZ	八庚	1296
吾	P	姑	P	七虞|六麻	1272
宫	P	庚	P	一东	1272
宿	Z	-	Z	-	1269
虚	P	齐	P	六鱼	1267
晓	Z	-	Z	-	1265
碧	Z	-	Z	-	1263
吹	P	微	PZ	四支	1254
依	P	齐	P	五微	1250
车	P	波	P	六鱼|六麻	1234
鹤	Z	-	Z	-	1233
穷	P	庚	P	一东	1227
半	Z	-	Z	-	1222
合	P	波	Z	-	1217
九	Z	-	Z	-	1215
垂	P	微	P	四支	1215
川	P	寒	P	一先	1214
溪	P	齐	P	-	1214
苍	P	唐	PZ	七阳	1214
残	P	寒	P	十四寒	1211
早	Z	-	Z	-	1202
星	P	庚	P	九青	1197
才	P	开	P	十灰|十五咸	1188
须	P	齐	P	七虞	1188
鱼	P	齐	P	六鱼	1186
断	Z	-	Z	-	1179
且	Z	-	PZ	六鱼	1176
翠	Z	-	Z	-	1175
先	P	寒	Z	-	1174
爱	Z	-	Z	-	1165
传	P	寒	PZ	一先	1164
兴	P	庚	PZ	十蒸	1160
忆	Z	-	Z	-	1155
恩	P	文	P	十三元	1154
隐	Z	-	Z	-	1151
转	Z	-	Z	-	1150
双	P	唐	P	三江	1139
唯	P	微	PZ	四支	1139
昔	P	齐	Z	-	1113
病	Z	-	Z	-	1112
散	Z	-	Z	-	1109
绝	P	皆	Z	-	1104
真	P	文	P	十一真	1103
和	P	波	PZ	五歌	1101
寄	Z	-	Z	-	1101
节	P	皆	Z	-	1100
寂	Z	-	Z	-	1099
两	Z	-	Z	-	1098
园	P	寒	P	十三元	1098
官	P	寒	P	十四寒	1092
亲	P	文	PZ	十一真	1091
其	P	齐	PZ	四支	1085
灵	P	庚	P	九青	1085
田	P	寒	P	一先	1083
凉	P	唐	P	七阳	1081
听	P	庚	PZ	十二文|九青	1078
之	P	支	P	四支	1077
紫	Z	-	Z	-	1071
语	Z	-	Z	-	1071
尚	Z	-	Z	-	1065
徒	P	姑	P	七虞	1063
悠	P	尤	P	十一尤	1063
怜	P	寒	P	一先	1055
泪	Z	-	Z	-	1054
始	Z	-	Z	-	1053
萧	P	豪	P	二萧	1053
群	P	文	P	十二文	1052
疎	P	姑	P	-	1051
足	P	姑	Z	-	1046
使	Z	-	Z	-	1041
贤	P	寒	P	一先	1040
会	Z	-	Z	-	1031
迟	P	支	PZ	四支	1024
数	Z	-	Z	-	1021
沈	Z	-	PZ	十二侵	1019
带	Z	-	Z	-	1013
火	Z	-	Z	-	1013
送	Z	-	Z	-	1011
虽	P	微	P	四支	1006
愿	Z	-	Z	-	1005
又	Z	-	Z	-	1002
乱	Z	-	Z	-	1000
皆	P	皆	P	九佳	1000
凤	Z	-	Z	-	994
往	Z	-	Z	-	989
征	P	庚	PZ	八庚|十蒸	988
僧	P	庚	P	十蒸	987
秦	P	文	P	十一真	986
信	Z	-	Z	-	985
觉	P	皆	Z	-	985
笑	Z	-	Z	-	984
识	P	支	Z	-	984
移	P	齐	P	四支	976
太	Z	-	Z	-	975
忧	P	尤	P	十一尤	975
堂	P	唐	P	七阳	971
陵	P	庚	P	十蒸	970
暗	Z	-	PZ	十三覃	968
丹	P	寒	P	十四寒	964
死	Z	-	Z	-	964
霞	P	麻	P	六麻	964
湖	P	姑	P	七虞	962
二	Z	-	Z	-	957
兰	P	寒	P	十四寒	956
辞	P	支	P	四支	953
士	Z	-	Z	-	951
度	Z	-	Z	-	950
令	Z	-	PZ	八庚	949
念	Z	-	Z	-	949
异	Z	-	Z	-	944
曾	P	庚	P	十蒸	944
迹	Z	-	Z	-	944
主	Z	-	Z	-	943
容	P	庚	P	二冬	938
岸	Z	-	Z	-	935
琴	P	文	P	十二侵	932
结	P	皆	Z	-	930
晴	P	庚	P	八庚	928
首	Z	-	Z	-	924
待	Z	-	Z	-	923
步	Z	-	Z	-	921
含	P	寒	P	十三覃	920
圣	Z	-	Z	-	917
易	Z	-	Z	-	917
伤	P	唐	P	七阳	915
帝	Z	-	Z	-	912
忘	Z	-	PZ	七阳	911
隔	P	波	Z	-	911
亭	P	庚	P	九青	906
欢	P	寒	P	十四寒	903
堪	P	寒	P	十三覃	900
阁	P	波	Z	-	900
手	Z	-	Z	-	899
乘	P	庚	PZ	十蒸	897
州	P	尤	P	十一尤	888
疑	P	齐	P	四支	887
功	P	庚	P	一东	882
寺	Z	-	Z	-	877
逐	P	姑	Z	-	873
舞	Z	-	Z	-	872
栖	P	齐	P	八齐	871
谢	Z	-	Z	-	871
命	Z	-	Z	-	867
女	Z	-	Z	-	866
化	Z	-	Z	-	860
岩	P	寒	P	十五咸	860
胜	Z	-	PZ	十蒸	860
本	Z	-	Z	-	857
羽	Z	-	Z	-	857
荒	P	唐	P	七阳	857
药	Z	-	Z	-	856
夫	P	姑	P	七虞	855
桂	Z	-	Z	-	853
交	P	豪	P	三肴	851
尔	Z	-	Z	-	850
直	P	支	Z	-	849
卧	Z	-	Z	-	847
恨	Z	-	Z	-	847
谷	Z	-	Z	-	846
及	P	齐	Z	-	845
贵	Z	-	Z	-	845
食	P	支	Z	-	839
遗	P	齐	PZ	四支	838
求	P	尤	P	十一尤	837
良	P	唐	P	七阳	837
薄	P	豪	Z	-	837
学	P	皆	Z	-	834
洞	Z	-	Z	-	834
荣	P	庚	P	八庚	834
塞	P	开	Z	-	829
用	Z	-	Z	-	829
师	P	支	PZ	四支	824
窗	P	唐	P	三江	822
颜	P	寒	P	十五删	816
燕	Z	-	PZ	一先	814
钟	P	庚	P	二冬	812
浪	Z	-	PZ	七阳	811
感	Z	-	Z	-	809
劳	P	豪	PZ	四豪	808
珠	P	姑	P	七虞	806
飘	P	豪	P	二萧	806
镜	Z	-	Z	-	805
横	P	庚	PZ	八庚	800
休	P	尤	P	十一尤	799
即	P	齐	Z	-	799
极	P	齐	Z	-	799
顾	Z	-	Z	-	794
音	P	文	P	十二侵	793
却	Z	-	Z	-	788
胡	P	姑	P	七虞	788
拂	P	姑	Z	-	787
素	Z	-	Z	-	785
罗	P	波	P	五歌	785
劒	Z	-	Z	-	784
于	P	齐	P	六鱼|七虞	781
惜	P	齐	Z	-	781
立	Z	-	Z	-	781
衰	P	开	P	四支	779
贫	P	文	P	十一真	778
轩	P	寒	P	十三元	776
兵	P	庚	P	八庚	772
军	P	文	P	十二文	772
苔	P	开	P	十灰	766
皇	P	唐	P	七阳	763
喜	Z	-	Z	-	762
宁	P	庚	PZ	九青	761
定	Z	-	Z	-	755
饮	Z	-	Z	-	751
论	Z	-	PZ	十三元	750
但	Z	-	Z	-	747
德	P	波	Z	-	745
玄	P	寒	P	一先	744
稀	P	齐	P	五微	743
力	Z	-	Z	-	742
斜	P	皆	P	六麻	739
骑	P	齐	PZ	四支	739
灯	P	庚	P	十蒸	736
阙	P	皆	Z	-	735
俗	P	姑	Z	-	734
兹	P	支	P	四支	733
解	Z	-	Z	-	732
洛	Z	-	Z	-	721
倚	Z	-	Z	-	717
臣	P	文	P	十一真	713
迎	P	庚	PZ	八庚	713
摇	P	豪	PZ	二萧	711
由	P	尤	P	十一尤	710
息	P	齐	Z	-	706
杯	P	微	P	十灰	704
目	Z	-	Z	-	704
理	Z	-	Z	-	703
观	P	寒	PZ	十四寒	703
悬	P	寒	P	一先	702
积	P	齐	Z	-	699
变	Z	-	Z	-	692
翻	P	寒	P	十三元	691
吴	P	姑	P	七虞	690
晨	P	文	P	十一真	689
朱	P	姑	P	七虞	687
禅	P	寒	PZ	十四寒|一先	687
缘	P	寒	PZ	一先	686
持	P	支	P	四支	683
干	Z	-	PZ	十四寒|一先	680
仍	P	庚	P	十蒸	679
卷	Z	-	PZ	一先	676
接	P	皆	Z	-	676
儿	P	齐	PZ	四支|八齐	672
想	Z	-	Z	-	670
沧	P	唐	P	七阳	670
守	Z	-	Z	-	669
丝	P	支	P	四支	668
叹	Z	-	PZ	十四寒	667
映	Z	-	Z	-	667
众	Z	-	Z	-	665
雁	Z	-	Z	-	664
径	Z	-	Z	-	663
失	P	支	Z	-	660
夏	Z	-	Z	-	659
赏	Z	-	Z	-	659
宜	P	齐	P	四支	657
冷	Z	-	Z	-	655
偏	P	寒	P	一先	654
弦	P	寒	P	一先	654
桃	P	豪	P	四豪	654
渐	Z	-	PZ	十四盐	654
都	P	尤	P	七虞	653
殊	P	姑	P	七虞	651
眼	Z	-	Z	-	649
他	P	麻	P	五歌	648
引	Z	-	Z	-	644
永	Z	-	Z	-	640
口	Z	-	Z	-	639
宝	Z	-	Z	-	638
画	Z	-	Z	-	636
美	Z	-	Z	-	636
帆	P	寒	PZ	十五咸	635
根	P	文	P	十三元	635
梁	P	唐	P	七阳	635
室	Z	-	Z	-	634
彩	Z	-	Z	-	634
采	Z	-	Z	-	634
京	P	庚	P	八庚	633
低	P	齐	P	八齐	633
冥	P	庚	PZ	九青	633
纷	P	文	P	十二文	633
住	Z	-	Z	-	632
湘	P	唐	P	七阳	632
郡	Z	-	Z	-	631
幸	Z	-	Z	-	630
罢	Z	-	PZ	四支	629
冰	P	庚	P	十蒸	628
越	Z	-	Z	-	628
迷	P	齐	P	八齐	627
性	Z	-	Z	-	626
殿	Z	-	Z	-	624
倾	P	庚	P	八庚	622
岭	Z	-	Z	-	619
任	Z	-	PZ	十二侵	618
洲	P	尤	P	十一尤	618
章	P	唐	P	七阳	618
邻	P	文	P	十一真	618
佳	P	麻	P	四支|九佳	617
蓬	P	庚	P	一东	617
啼	P	齐	P	-	614
井	Z	-	Z	-	612
吏	Z	-	Z	-	612
说	P	波	Z	-	612
船	P	寒	P	一先	609
凝	P	庚	PZ	十蒸	606
昏	P	文	P	十三元	606
乃	Z	-	Z	-	605
鸿	P	庚	P	一东	604
侵	P	文	P	十二侵	602
岳	Z	-	Z	-	602
频	P	文	P	十一真	602
掩	Z	-	Z	-	600
户	Z	-	Z	-	597
眠	P	寒	P	一先	597
细	Z	-	Z	-	597
况	Z	-	Z	-	595
必	Z	-	Z	-	595
诸	P	姑	P	六鱼	595
报	Z	-	Z	-	594
形	P	庚	P	九青	593
泛	Z	-	Z	-	592
载	Z	-	Z	-	592
遂	Z	-	Z	-	592
既	Z	-	Z	-	591
礼	Z	-	Z	-	591
竟	Z	-	Z	-	591
元	P	寒	P	十三元	590
战	Z	-	Z	-	590
条	P	豪	P	二萧	590
折	P	波	PZ	八齐	589
浦	Z	-	Z	-	588
原	P	寒	P	十三元	583
壁	Z	-	Z	-	583
六	Z	-	Z	-	582
惟	P	微	P	四支	582
村	P	文	P	十三元	582
内	Z	-	Z	-	581
鬓	Z	-	Z	-	579
魂	P	文	P	十三元	576
争	P	庚	P	八庚	575
土	Z	-	Z	-	574
急	P	齐	Z	-	574
精	P	庚	P	八庚	574
携	P	皆	P	八齐	570
举	Z	-	Z	-	569
蝉	P	寒	P	一先	568
雾	Z	-	Z	-	568
锦	Z	-	Z	-	567
志	Z	-	Z	-	564
虎	Z	-	Z	-	564
全	P	寒	P	一先	563
便	Z	-	PZ	一先	561
府	Z	-	Z	-	561
鼓	Z	-	Z	-	561
郎	P	唐	P	七阳	560
骨	Z	-	Z	-	559
藏	P	唐	PZ	七阳	557
桥	P	豪	P	二萧	556
鸡	P	齐	P	八齐	555
齐	P	齐	PZ	八齐	555
侯	P	尤	P	十一尤	554
冠	P	寒	PZ	十四寒	554
周	P	尤	P	十一尤	554
抱	Z	-	Z	-	554
凄	P	齐	P	八齐	553
敢	Z	-	Z	-	552
暂	Z	-	Z	-	552
尊	P	文	P	十三元	551
繁	P	寒	P	十三元|十四寒	551
遇	Z	-	Z	-	547
兼	P	寒	PZ	十四盐	544
哀	P	开	P	十灰	541
收	P	尤	PZ	十一尤	539
危	P	微	P	四支	537
列	Z	-	Z	-	535
杨	P	唐	P	七阳	534
许	Z	-	Z	-	534
面	Z	-	Z	-	534
片	Z	-	Z	-	531
取	Z	-	Z	-	530
武	Z	-	Z	-	530
旅	Z	-	Z	-	529
端	P	寒	P	十四寒	527
寥	P	豪	P	二萧	526
莲	P	寒	P	一先	526
盘	P	寒	P	十四寒	523
盛	Z	-	PZ	八庚	523
枕	Z	-	Z	-	522
席	P	齐	Z	-	519
攀	P	寒	P	十五删	519
业	Z	-	Z	-	518
承	P	庚	P	十蒸	518
英	P	庚	P	八庚	518
梅	P	微	P	十灰	517
著	Z	-	Z	-	517
泽	P	波	Z	-	516
各	Z	-	Z	-	514
凌	P	庚	PZ	十蒸	512
八	P	麻	Z	-	511
封	P	庚	PZ	二冬	510
喧	P	寒	P	十三元	509
闭	Z	-	Z	-	509
傍	Z	-	PZ	七阳	507
机	P	齐	PZ	四支|五微	507
荷	P	波	PZ	五歌	507
泥	P	齐	PZ	八齐	504
床	P	唐	P	七阳	503
代	Z	-	Z	-	501
御	Z	-	Z	-	500
赋	Z	-	Z	-	500
盈	P	庚	P	八庚	498
蒙	P	庚	PZ	一东	498
雄	P	庚	P	一东	495
丘	P	尤	P	十一尤	494
怅	Z	-	Z	-	493
钓	Z	-	Z	-	493
称	P	庚	PZ	十蒸	492
茫	P	唐	P	七阳	492
响	Z	-	Z	-	491
那	Z	-	PZ	五歌	491
字	Z	-	Z	-	490
修	P	尤	P	十一尤	489
嗟	P	皆	P	六麻	489
宵	P	豪	P	二萧	489
斋	P	开	P	九佳	489
投	P	尤	P	十一尤	487
旌	P	庚	P	八庚	487
桑	P	唐	P	七阳	487
势	Z	-	Z	-	486
恐	Z	-	Z	-	486
禽	P	文	P	十二侵	486
没	P	微	Z	-	485
破	Z	-	Z	-	484
途	P	姑	P	七虞	484
陈	P	文	P	十一真	481
鴈	Z	-	Z	-	481
象	Z	-	Z	-	480
暖	Z	-	Z	-	479
图	P	姑	P	七虞	478
涯	P	麻	P	四支|九佳|六麻	478
比	Z	-	PZ	四支	477
津	P	文	P	十一真	477
绕	Z	-	Z	-	476
伴	Z	-	Z	-	475
舍	Z	-	Z	-	475
浅	Z	-	Z	-	474
负	Z	-	Z	-	474
净	Z	-	Z	-	473
渔	P	齐	P	六鱼	473
聊	P	豪	P	二萧	473
调	Z	-	PZ	二萧|十一尤	473
俱	Z	-	P	七虞	471
房	P	唐	P	七阳	468
扬	P	唐	P	七阳	467
戎	P	庚	P	一东	466
法	Z	-	Z	-	466
咏	Z	-	Z	-	465
营	P	庚	P	八庚	464
诚	P	庚	P	八庚	464
再	Z	-	Z	-	463
轮	P	文	P	十一真	463
潮	P	豪	P	二萧	462
荆	P	庚	P	八庚	462
访	Z	-	Z	-	462
只	Z	-	PZ	四支	460
境	Z	-	Z	-	460
每	Z	-	Z	-	460
湿	P	支	Z	-	459
历	Z	-	Z	-	458
猨	P	寒	P	-	457
慙	P	寒	P	-	456
李	Z	-	Z	-	456
计	Z	-	Z	-	455
达	P	麻	Z	-	455
张	P	唐	PZ	七阳	453
沾	P	寒	PZ	十四盐	453
辉	P	微	P	五微|十二文|十三元	453
壮	Z	-	Z	-	452
指	Z	-	Z	-	452
斗	Z	-	Z	-	452
旗	P	齐	P	四支|五微	449
灭	Z	-	Z	-	449
甘	P	寒	P	十三覃	448
霄	P	豪	P	二萧	448
披	P	齐	P	四支	447
肠	P	唐	P	七阳	447
馆	Z	-	Z	-	447
教	Z	-	PZ	三肴	446
涧	Z	-	Z	-	445
种	Z	-	PZ	一东	444
烛	P	姑	Z	-	443
奇	P	齐	P	四支	442
渡	Z	-	Z	-	442
宴	Z	-	Z	-	440
枯	P	姑	P	七虞	439
广	Z	-	Z	-	437
童	P	庚	P	一东	437
渚	Z	-	Z	-	435
盖	Z	-	Z	-	434
七	P	齐	Z	-	433
服	P	姑	Z	-	432
程	P	庚	P	八庚	432
仰	Z	-	Z	-	431
宅	P	开	Z	-	431
偶	Z	-	Z	-	430
源	P	寒	P	十三元	429
丛	P	庚	P	一东	428
参	P	寒	PZ	十二侵|十三覃	428
词	P	支	P	四支	427
适	Z	-	Z	-	427
句	Z	-	PZ	七虞|十一尤	426
尺	Z	-	Z	-	426
雷	P	微	P	十灰	426
屋	P	姑	Z	-	425
昨	P	波	Z	-	425
密	Z	-	Z	-	423
纵	Z	-	PZ	二冬	423
哉	P	开	P	十灰	422
潭	P	寒	P	十三覃	422
襟	P	文	P	十二侵	422
销	P	豪	P	二萧	422
策	Z	-	Z	-	421
驱	P	齐	PZ	七虞	421
帘	P	寒	P	十四盐	420
存	P	文	P	十三元	419
昼	Z	-	Z	-	419
郊	P	豪	P	三肴	419
利	Z	-	Z	-	418
勤	P	文	P	十二文	418
怨	Z	-	PZ	十三元	418
莺	P	庚	P	八庚	418
角	Z	-	Z	-	416
牛	P	尤	P	十一尤	414
疾	P	齐	Z	-	414
短	Z	-	Z	-	414
赠	Z	-	Z	-	414
友	Z	-	Z	-	413
管	Z	-	Z	-	413
被	Z	-	Z	-	412
宾	P	文	P	十一真	410
瑶	P	豪	P	二萧	410
浩	Z	-	Z	-	409
澄	P	庚	P	十蒸	408
禁	Z	-	PZ	十二侵	408
菊	P	齐	Z	-	408
洒	Z	-	Z	-	407
狂	P	唐	P	七阳	406
赤	Z	-	Z	-	406
义	Z	-	Z	-	405
漏	Z	-	Z	-	405
苑	Z	-	Z	-	405
烧	P	豪	PZ	二萧	404
笔	Z	-	Z	-	404
际	Z	-	Z	-	404
荡	Z	-	Z	-	402
催	P	微	P	十灰	401
耕	P	庚	P	八庚	400
实	P	支	Z	-	399
或	Z	-	Z	-	399
曙	Z	-	Z	-	399
阶	P	皆	P	九佳	398
绮	Z	-	Z	-	397
圆	P	寒	P	一先	396
走	Z	-	Z	-	396
翁	P	庚	P	一东	395
凭	P	庚	P	十蒸	394
巢	P	豪	P	三肴	394
潜	P	寒	PZ	十四盐	394
弄	Z	-	Z	-	393
题	P	齐	PZ	八齐	393
巴	P	麻	P	六麻	392
眉	P	微	P	四支	392
候	Z	-	Z	-	391
郁	Z	-	Z	-	391
乌	P	姑	P	七虞	389
筵	P	寒	P	一先	389
弃	Z	-	Z	-	388
恋	Z	-	Z	-	388
挂	Z	-	Z	-	387
秀	Z	-	Z	-	387
尝	P	唐	P	七阳	385
杳	Z	-	Z	-	385
县	Z	-	PZ	一先	384
拜	Z	-	Z	-	384
避	Z	-	Z	-	384
萝	P	波	P	五歌	383
驰	P	支	P	四支	383
招	P	豪	P	二萧	382
降	Z	-	PZ	三江	382
孙	P	文	P	十三元	380
史	Z	-	Z	-	379
旷	Z	-	Z	-	378
鸾	P	寒	P	十四寒	378
最	Z	-	Z	-	377
养	Z	-	Z	-	376
宇	Z	-	Z	-	376
迢	P	豪	P	二萧	375
奉	Z	-	Z	-	373
蜀	Z	-	Z	-	373
妾	Z	-	Z	-	371
粉	Z	-	Z	-	371
艳	Z	-	Z	-	370
威	P	微	P	五微	369
消	P	豪	P	二萧	369
放	Z	-	Z	-	368
驾	Z	-	Z	-	368
庐	P	姑	P	六鱼	366
冬	P	庚	P	二冬	365
逸	Z	-	Z	-	365
饥	P	齐	P	四支|五微	365
厌	Z	-	PZ	十四盐	364
受	Z	-	Z	-	364
嘉	P	麻	P	六麻	364
果	Z	-	Z	-	364
拥	P	庚	Z	-	363
翼	Z	-	Z	-	363
邑	Z	-	Z	-	363
歇	P	皆	Z	-	362
毛	P	豪	P	四豪	362
省	Z	-	Z	-	362
雕	P	豪	P	二萧	361
延	P	寒	PZ	一先	360
斯	P	支	P	四支	360
烦	P	寒	P	十三元	360
献	Z	-	PZ	五歌	360
陶	P	豪	P	二萧|四豪	360
衔	P	寒	P	十五咸	359
郭	P	波	Z	-	359
琼	P	庚	P	八庚	358
追	P	微	P	四支|十灰	358
儒	P	姑	P	七虞	357
覆	Z	-	Z	-	357
迁	P	寒	P	一先	357
茅	P	豪	P	三肴	356
陌	Z	-	Z	-	356
借	Z	-	Z	-	355
滴	P	齐	Z	-	355
升	P	庚	P	十蒸	354
笼	P	庚	PZ	一东	354
背	Z	-	Z	-	354
塘	P	唐	P	七阳	351
壑	Z	-	Z	-	351
旋	P	寒	PZ	一先	350
霁	Z	-	Z	-	350
漫	Z	-	PZ	十四寒	349
虫	P	庚	P	一东	349
属	Z	-	Z	-	348
牵	P	寒	PZ	一先	348
险	Z	-	Z	-	347
韵	Z	-	Z	-	347
肯	Z	-	Z	-	346
淮	P	开	P	九佳	345
丽	Z	-	PZ	四支	344
迥	Z	-	Z	-	344
阔	Z	-	Z	-	344
壶	P	姑	P	七虞	343
夷	P	齐	P	四支	343
强	P	唐	PZ	七阳	343
猿	P	寒	P	十三元	343
市	Z	-	Z	-	342
幕	Z	-	Z	-	342
累	Z	-	PZ	四支	341
差	Z	-	P	四支|九佳|六麻	340
窥	P	微	P	四支	340
贱	Z	-	Z	-	340
银	P	文	P	十一真	340
伊	P	齐	P	四支	339
扫	Z	-	Z	-	339
勿	Z	-	Z	-	338
穿	P	寒	PZ	一先	338
停	P	庚	P	九青	337
暑	Z	-	Z	-	337
侣	Z	-	Z	-	336
簪	P	寒	P	十二侵|十三覃	336
遶	Z	-	Z	-	336
扉	P	微	PZ	五微	335
杖	Z	-	Z	-	335
济	Z	-	Z	-	335
峡	P	麻	Z	-	333
谓	Z	-	Z	-	332
趋	P	齐	P	七虞	332
点	Z	-	Z	-	331
寞	Z	-	Z	-	330
泣	Z	-	Z	-	330
羡	Z	-	Z	-	330
就	Z	-	Z	-	329
彼	Z	-	Z	-	329
要	Z	-	PZ	二萧	328
酌	P	波	Z	-	328
奏	Z	-	Z	-	327
改	Z	-	Z	-	326
固	Z	-	Z	-	325
岛	Z	-	Z	-	323
第	Z	-	Z	-	323
辛	P	文	P	十一真	323
哭	P	姑	Z	-	322
杂	P	麻	Z	-	322
富	Z	-	Z	-	321
耳	Z	-	Z	-	321
辰	P	文	P	十一真	321
集	P	齐	Z	-	321
巾	P	文	P	十一真	320
托	P	波	Z	-	320
帐	Z	-	Z	-	319
推	P	微	P	四支|十灰	319
樵	P	豪	P	二萧	319
寿	Z	-	Z	-	318
篇	P	寒	P	一先	318
驻	Z	-	Z	-	318
委	Z	-	PZ	四支	317
弹	Z	-	PZ	十四寒	317
涛	P	豪	P	四豪	317
畏	Z	-	Z	-	317
鳞	P	文	P	十一真	317
妙	Z	-	Z	-	316
炎	P	寒	P	十四盐	316
层	P	庚	P	十蒸	315
布	Z	-	Z	-	315
陇	Z	-	Z	-	315
宗	P	庚	P	二冬	313
弟	Z	-	Z	-	313
漠	Z	-	Z	-	313
澹	Z	-	PZ	十三覃	313
鲜	P	寒	PZ	一先	313
雅	Z	-	Z	-	312
桐	P	庚	P	一东	311
瑞	Z	-	Z	-	311
鹿	Z	-	Z	-	311
底	Z	-	Z	-	310
洗	Z	-	Z	-	310
造	Z	-	Z	-	310
叠	P	皆	Z	-	309
讵	Z	-	Z	-	309
趣	Z	-	Z	-	309
惆	P	尤	P	十一尤	308
善	Z	-	Z	-	307
戍	Z	-	Z	-	307
殷	P	文	PZ	十二文|十五删	307
致	Z	-	Z	-	307
返	Z	-	Z	-	307
诏	Z	-	Z	-	305
话	Z	-	Z	-	305
刀	P	豪	P	四豪	304
奔	P	文	PZ	十三元	304
嫌	P	寒	P	十四盐	304
杀	P	麻	Z	-	304
止	Z	-	Z	-	304
严	P	寒	P	十四盐|十五咸	303
稍	P	豪	PZ	三肴	303
钱	P	寒	PZ	一先	302
切	Z	-	Z	-	301
驿	Z	-	Z	-	301
伏	P	姑	Z	-	300
扇	Z	-	PZ	一先	300
呼	P	姑	PZ	七虞	299
政	Z	-	Z	-	299
添	P	寒	P	十四盐	299
贞	P	文	P	八庚	298
卿	P	庚	P	八庚	297
庙	Z	-	Z	-	297
振	Z	-	PZ	十一真|八庚	297
表	Z	-	Z	-	297
侍	Z	-	Z	-	296
商	P	唐	P	七阳	296
崖	P	麻	P	四支|九佳	296
益	Z	-	Z	-	296
系	Z	-	Z	-	296
虏	Z	-	Z	-	296
鼎	Z	-	Z	-	295
资	P	支	P	四支	294
冲	P	庚	P	一东|二冬	293
姿	P	支	P	四支	293
弥	P	齐	PZ	四支	293
霭	Z	-	Z	-	293
丈	Z	-	Z	-	292
己	Z	-	Z	-	292
把	Z	-	Z	-	292
阻	Z	-	Z	-	292
而	P	齐	P	四支	290
视	Z	-	Z	-	290
黑	P	微	Z	-	290
履	Z	-	Z	-	287
恶	Z	-	PZ	七虞	287
簷	P	寒	P	-	287
退	Z	-	Z	-	287
除	P	姑	PZ	六鱼	287
墙	P	唐	P	七阳	286
屡	Z	-	Z	-	286
肃	Z	-	Z	-	286
仁	P	文	P	十一真	285
妇	Z	-	Z	-	285
宠	Z	-	Z	-	285
芜	P	姑	P	七虞	284
虑	Z	-	Z	-	284
试	Z	-	Z	-	284
网	Z	-	Z	-	283
院	Z	-	Z	-	283
顶	Z	-	Z	-	283
激	P	齐	Z	-	282
甚	Z	-	Z	-	282
旦	Z	-	Z	-	281
促	Z	-	Z	-	280
唱	Z	-	Z	-	280
尧	P	豪	P	二萧	280
役	Z	-	Z	-	280
朔	Z	-	Z	-	280
陪	P	微	P	十灰	280
埃	P	开	P	十灰	279
扶	P	姑	P	七虞	279
泊	P	波	Z	-	278
鬼	Z	-	Z	-	278
佛	P	姑	Z	-	277
戈	P	波	P	五歌	277
蝶	P	皆	Z	-	277
违	P	微	P	五微	277
摧	P	微	P	十灰	276
读	P	姑	Z	-	276
拟	Z	-	Z	-	275
倒	Z	-	Z	-	274
奈	Z	-	Z	-	274
寸	Z	-	Z	-	274
焚	P	文	P	十二文	274
符	P	姑	P	七虞	274
雀	Z	-	Z	-	274
律	Z	-	Z	-	272
裳	Z	-	P	七阳	272
丰	P	庚	P	一东|二冬	271
免	Z	-	Z	-	271
翰	Z	-	PZ	十四寒	271
仪	P	齐	P	四支	270
佩	Z	-	Z	-	269
兄	P	庚	P	八庚	269
羁	P	齐	P	四支	269
羞	P	尤	P	十一尤	269
舒	P	姑	P	六鱼	269
劝	Z	-	Z	-	268
味	Z	-	Z	-	268
焉	P	寒	P	一先	268
萦	P	庚	P	八庚	268
谋	P	尤	P	十一尤	268
农	P	庚	P	二冬	267
柏	Z	-	Z	-	267
熟	P	姑	Z	-	267
聚	Z	-	Z	-	267
觞	P	唐	P	七阳	266
体	Z	-	Z	-	265
侧	Z	-	Z	-	265
怪	Z	-	Z	-	265
砌	Z	-	Z	-	264
篱	P	齐	P	四支	264
袖	Z	-	Z	-	264
晖	P	微	P	五微	263
汝	Z	-	Z	-	263
滞	Z	-	Z	-	263
腰	P	豪	P	二萧	263
曹	P	豪	P	四豪	262
蒲	P	姑	PZ	七虞	262
次	Z	-	Z	-	261
氛	P	文	P	十二文	261
润	Z	-	Z	-	261
父	Z	-	Z	-	261
磬	Z	-	Z	-	261
芝	P	支	P	四支	261
衡	P	庚	P	二冬|八庚	261
运	Z	-	Z	-	261
茶	P	麻	P	六麻	259
鸥	P	尤	P	十一尤	259
废	Z	-	Z	-	258
绣	Z	-	Z	-	258
限	Z	-	Z	-	258
坛	P	寒	P	十四寒	257
岐	P	齐	P	四支	257
遣	Z	-	Z	-	257
乍	Z	-	Z	-	256
印	Z	-	Z	-	256
啸	Z	-	Z	-	256
宦	Z	-	PZ	四支	256
脱	P	波	Z	-	256
位	Z	-	Z	-	255
场	Z	-	P	七阳	255
瑟	Z	-	Z	-	255
甲	Z	-	Z	-	255
屏	P	庚	PZ	九青	254
零	P	庚	P	一先|九青	254
默	Z	-	Z	-	254
吐	Z	-	Z	-	253
术	Z	-	Z	-	253
杜	Z	-	Z	-	253
予	Z	-	PZ	六鱼	252
屈	P	齐	Z	-	252
启	Z	-	Z	-	251
射	Z	-	Z	-	251
愚	P	齐	P	七虞	251
挥	P	微	P	五微	251
倦	Z	-	Z	-	250
血	Z	-	Z	-	250
裴	P	微	P	十灰	250
值	P	支	Z	-	249
展	Z	-	Z	-	249
皎	Z	-	Z	-	249
置	Z	-	Z	-	249
座	Z	-	Z	-	248
渭	Z	-	Z	-	248
炉	P	姑	P	-	248
醒	Z	-	PZ	九青	248
戏	Z	-	PZ	四支	247
索	Z	-	Z	-	247
妆	P	唐	P	七阳	246
忠	P	庚	P	一东	246
祖	Z	-	PZ	六麻	246
号	Z	-	PZ	四豪	245
籍	P	齐	Z	-	245
鲁	Z	-	Z	-	245
鸳	P	寒	P	十三元	245
了	Z	-	PZ	二萧|六麻	244
昭	P	豪	PZ	二萧	244
母	Z	-	PZ	七虞	244
巷	Z	-	Z	-	243
忍	Z	-	Z	-	243
珍	P	文	P	十一真	243
束	Z	-	Z	-	241
鹭	Z	-	Z	-	241
环	P	寒	P	十五删	240
瞻	P	寒	P	十四盐	240
缨	P	庚	P	八庚	240
踪	P	庚	P	二冬	240
柱	Z	-	Z	-	239
岑	P	文	P	十二侵	238
暇	P	麻	Z	-	238
界	Z	-	Z	-	238
翩	P	寒	P	一先	238
苏	P	姑	P	七虞	238
悟	Z	-	Z	-	237
谈	P	寒	P	十三覃	237
辨	Z	-	Z	-	237
齿	Z	-	Z	-	237
咽	Z	-	PZ	一先	236
崇	P	庚	P	一东	236
伯	P	波	Z	-	235
弱	Z	-	Z	-	235
浓	P	庚	P	二冬	235
渺	Z	-	Z	-	235
腾	P	庚	P	十蒸	235
陆	Z	-	Z	-	235
鞭	P	寒	P	一先	235
左	Z	-	Z	-	234
并	Z	-	PZ	八庚	234
禄	Z	-	Z	-	234
穴	P	皆	Z	-	234
羊	P	唐	P	七阳	234
阑	P	寒	P	十四寒	234
鬬	Z	-	Z	-	234
宛	Z	-	PZ	十三元	233
弓	P	庚	P	一东	233
梧	P	姑	P	七虞	233
遍	Z	-	Z	-	233
钩	P	尤	P	十一尤	233
祗	P	支	P	四支	232
酬	P	尤	P	十一尤	232
末	Z	-	Z	-	230
亡	P	唐	P	七阳	229
建	Z	-	Z	-	229
徧	Z	-	Z	-	228
犬	Z	-	Z	-	228
触	Z	-	Z	-	228
写	Z	-	Z	-	227
民	P	文	P	十一真	227
睡	Z	-	Z	-	227
荐	Z	-	Z	-	227
裁	P	开	PZ	十灰	227
逾	P	齐	P	七虞	227
防	P	唐	PZ	七阳	227
堕	Z	-	PZ	四支	226
櫂	Z	-	Z	-	226
支	P	支	P	四支	225
虹	P	庚	PZ	一东	225
饶	P	豪	PZ	二萧	225
翔	P	唐	P	七阳	224
进	Z	-	Z	-	224
藤	P	庚	P	十蒸	223
媿	Z	-	Z	-	222
宽	P	寒	P	十四寒	222
惠	Z	-	Z	-	222
寝	Z	-	Z	-	221
痕	P	文	P	十三元	221
质	Z	-	Z	-	221
超	P	豪	P	二萧	219
右	Z	-	Z	-	218
洁	P	皆	Z	-	217
私	P	支	P	四支	217
箭	Z	-	Z	-	217
买	Z	-	Z	-	216
欣	P	文	P	十二文	216
社	Z	-	Z	-	216
竞	Z	-	Z	-	216
请	Z	-	Z	-	216
谿	P	齐	P	八齐	216
铜	P	庚	P	一东	216
氏	Z	-	PZ	四支	215
谒	Z	-	Z	-	215
假	Z	-	Z	-	214
妻	P	齐	PZ	八齐	214
宣	P	寒	P	一先	214
惨	Z	-	Z	-	214
庆	Z	-	PZ	七阳	213
康	P	唐	P	七阳	213
溟	P	庚	PZ	九青	213
巫	P	姑	P	七虞	212
彻	Z	-	Z	-	212
戚	P	齐	Z	-	212
隅	P	齐	P	七虞	212
淹	P	寒	PZ	十四盐	211
矣	Z	-	Z	-	211
施	P	支	PZ	四支	210
继	Z	-	Z	-	210
藻	Z	-	Z	-	210
司	P	支	PZ	四支	209
嵩	P	庚	P	一东	209
槛	Z	-	Z	-	209
潇	P	豪	P	二萧	209
类	Z	-	Z	-	209
饭	Z	-	Z	-	209
冻	Z	-	Z	-	208
凋	P	豪	P	二萧	208
拙	P	波	Z	-	208
温	P	文	P	十三元	208
简	Z	-	Z	-	208
肉	Z	-	Z	-	208
热	Z	-	Z	-	207
滋	P	支	P	四支	206
娇	P	豪	PZ	二萧	205
巡	P	文	P	十一真	205
掌	Z	-	Z	-	205
毫	P	豪	P	四豪	205
泠	P	庚	P	九青	205
灰	P	微	P	十灰	205
耀	Z	-	Z	-	205
记	Z	-	Z	-	205
俯	Z	-	Z	-	204
墨	Z	-	Z	-	204
换	Z	-	Z	-	204
保	Z	-	Z	-	203
蕙	Z	-	Z	-	203
龟	P	微	P	四支|十一尤	203
暝	P	庚	PZ	九青	202
玩	P	寒	Z	-	202
森	P	文	PZ	十二侵	201
欺	P	齐	P	四支	201
纤	P	寒	P	十四盐	201
裘	P	尤	P	十一尤	201
魏	Z	-	Z	-	201
慰	Z	-	Z	-	200
晏	Z	-	Z	-	200
柴	P	开	PZ	九佳	200
滨	P	文	P	十一真	200
反	Z	-	PZ	十三元	199
咸	P	寒	P	十五咸	199
苹	P	庚	P	八庚	199
飒	Z	-	Z	-	199
佐	Z	-	Z	-	198
凿	P	豪	Z	-	198
猎	Z	-	Z	-	198
魄	Z	-	Z	-	198
坚	P	寒	P	一先	197
姓	Z	-	Z	-	197
汀	P	庚	P	九青	197
羸	P	微	P	四支	197
慵	P	庚	P	二冬	196
提	P	齐	P	四支|八齐	196
染	Z	-	Z	-	196
绶	Z	-	Z	-	196
辟	Z	-	Z	-	196
希	P	齐	P	五微	195
庶	Z	-	Z	-	195
牧	Z	-	Z	-	195
箫	P	豪	P	二萧	195
豪	P	豪	P	四豪	195
偃	Z	-	Z	-	194
徐	P	齐	P	六鱼	194
萍	P	庚	P	九青	194
辇	Z	-	Z	-	194
唐	P	唐	P	七阳	193
畔	Z	-	Z	-	193
耿	Z	-	Z	-	193
闺	P	微	P	八齐	193
团	P	寒	P	十四寒	192
坠	Z	-	Z	-	192
抚	Z	-	Z	-	192
簟	Z	-	Z	-	192
赐	Z	-	Z	-	192
斾	Z	-	Z	-	191
棹	Z	-	Z	-	191
赖	Z	-	Z	-	191
慕	Z	-	Z	-	190
贪	P	寒	P	十三覃	190
锡	P	齐	Z	-	190
伫	Z	-	Z	-	189
制	Z	-	Z	-	189
智	Z	-	Z	-	189
览	Z	-	Z	-	189
颇	Z	-	PZ	五歌	189
助	Z	-	Z	-	188
峨	P	波	PZ	五歌	188
藓	Z	-	Z	-	188
减	Z	-	Z	-	187
芙	P	姑	P	七虞	187
餐	P	寒	P	十四寒	187
区	P	齐	P	七虞|十一尤	186
围	P	微	P	五微	186
态	Z	-	Z	-	186
潺	P	寒	P	十五删|一先	186
舆	P	齐	P	六鱼	186
貌	Z	-	Z	-	186
迳	Z	-	Z	-	186
单	P	寒	PZ	十四寒|一先	185
契	Z	-	Z	-	185
宸	P	文	P	十一真	185
辈	Z	-	Z	-	185
占	Z	-	PZ	十四盐	184
岫	Z	-	Z	-	184
祥	P	唐	P	七阳	184
仗	Z	-	Z	-	183
则	P	波	Z	-	183
妨	P	唐	PZ	七阳	183
瘴	Z	-	Z	-	183
联	P	寒	P	一先	183
茂	Z	-	Z	-	183
仲	Z	-	Z	-	182
厚	Z	-	Z	-	182
埋	P	开	P	九佳	182
敌	P	齐	Z	-	182
枫	P	庚	P	一东	182
泰	Z	-	Z	-	182
渠	P	齐	P	六鱼	182
萤	P	庚	P	九青	182
加	P	麻	P	六麻	181
杏	Z	-	Z	-	181
濯	P	波	Z	-	181
习	P	齐	Z	-	180
涕	Z	-	Z	-	180
笙	P	庚	P	八庚	180
笛	P	齐	Z	-	180
兽	Z	-	Z	-	179
材	P	开	P	十灰	179
脉	Z	-	Z	-	179
误	Z	-	Z	-	179
鹊	Z	-	Z	-	179
昌	P	唐	P	七阳	178
贾	Z	-	Z	-	178
邀	P	豪	P	二萧	178
酣	P	寒	P	十三覃	178
压	P	麻	Z	-	177
帷	P	微	P	四支	177
排	P	开	P	九佳	177
沦	P	文	P	十一真	177
笳	P	麻	P	六麻	177
乔	P	豪	P	二萧	176
嘶	P	支	P	八齐	176
器	Z	-	Z	-	176
坟	P	文	PZ	十二文	176
嬾	Z	-	Z	-	176
愧	Z	-	Z	-	176
衢	P	齐	P	七虞	176
赊	P	波	P	六麻	176
剑	Z	-	Z	-	175
柔	P	尤	P	十一尤	175
疲	P	齐	P	四支	175
艰	P	寒	P	十五删	175
叟	Z	-	PZ	十一尤	174
执	P	支	Z	-	174
探	Z	-	PZ	十三覃	174
沟	P	尤	P	十一尤	174
腊	Z	-	Z	-	174
蓉	P	庚	P	二冬	174
凡	P	寒	P	十五咸	173
汗	Z	-	PZ	十四寒	173
织	P	支	Z	-	173
夸	P	麻	P	六麻	172
祠	P	支	P	四支	172
规	P	微	P	四支	172
遭	P	豪	P	四豪	172
幷	Z	-	Z	-	171
晋	Z	-	Z	-	171
浊	P	波	Z	-	171
续	Z	-	Z	-	171
融	P	庚	P	一东	171
忝	Z	-	Z	-	170
护	Z	-	Z	-	170
欹	P	齐	P	四支	170
瀑	Z	-	Z	-	170
霏	P	微	P	五微	170
刺	Z	-	Z	-	169
总	Z	-	Z	-	169
栽	P	开	PZ	十灰	169
橘	P	齐	Z	-	169
匣	P	麻	Z	-	168
堤	P	齐	P	八齐	168
工	P	庚	P	一东	168
槐	P	开	P	九佳|十灰	168
绵	P	寒	P	一先	168
赵	Z	-	Z	-	168
饱	Z	-	Z	-	168
囊	P	唐	P	七阳	167
抽	P	尤	P	十一尤	167
昆	P	文	P	十三元	167
晦	Z	-	Z	-	167
朋	P	庚	P	十蒸	167
璧	Z	-	Z	-	167
竿	P	寒	P	十四寒	167
谏	Z	-	Z	-	167
镇	Z	-	Z	-	167
阵	Z	-	Z	-	167
兔	Z	-	Z	-	166
坤	P	文	P	十三元	166
宰	Z	-	Z	-	166
搜	P	尤	P	十一尤	166
标	P	豪	PZ	二萧	166
涉	Z	-	Z	-	166
爽	Z	-	Z	-	166
约	P	皆	Z	-	166
芦	P	姑	P	七虞	166
蛮	P	寒	P	十五删	166
觅	Z	-	Z	-	166
蹄	P	齐	P	八齐	166
遐	P	麻	P	六麻	166
颓	P	微	PZ	十灰	166
虞	P	齐	P	七虞	165
蛇	P	波	P	四支|六麻	165
量	Z	-	PZ	七阳	165
仆	P	姑	Z	-	164
卑	P	微	P	四支	164
廊	P	唐	P	七阳	164
涨	Z	-	PZ	七阳	164
班	P	寒	P	十五删	164
碎	Z	-	Z	-	164
职	P	支	Z	-	164
鞍	P	寒	P	十四寒	164
卜	Z	-	Z	-	163
尾	Z	-	Z	-	163
恣	Z	-	Z	-	163
枉	Z	-	Z	-	163
踏	Z	-	Z	-	163
也	Z	-	Z	-	162
巧	Z	-	Z	-	162
耻	Z	-	Z	-	162
臯	P	豪	P	-	162
莱	P	开	P	十灰	162
孟	Z	-	Z	-	161
寐	Z	-	Z	-	161
斑	P	寒	P	十五删	161
樽	P	文	P	-	161
毕	Z	-	Z	-	161
纶	P	文	P	十一真|十五删	161
肥	P	微	P	五微	161
嶂	Z	-	Z	-	160
瘦	Z	-	Z	-	160
逍	P	豪	P	二萧	160
福	P	姑	Z	-	159
蒿	P	豪	P	四豪	159
蛾	P	波	P	五歌	159
铁	Z	-	Z	-	159
飙	P	豪	P	二萧	159
击	P	齐	Z	-	158
苗	P	豪	P	二萧	158
蔽	Z	-	Z	-	158
吊	Z	-	Z	-	157
岚	P	寒	P	十三覃	157
鉴	Z	-	Z	-	157
勋	P	文	P	十二文	156
植	P	支	Z	-	156
洪	P	庚	P	一东	156
麻	P	麻	P	六麻	156
僻	Z	-	Z	-	155
垒	Z	-	PZ	十灰	155
戟	Z	-	Z	-	155
秉	Z	-	Z	-	155
维	P	微	PZ	四支	155
装	P	唐	PZ	七阳	155
凫	P	姑	P	七虞	154
滩	P	寒	PZ	十四寒	154
状	Z	-	Z	-	154
略	Z	-	Z	-	154
塔	Z	-	Z	-	153
抛	P	豪	P	三肴	153
乾	P	寒	P	-	152
磨	P	波	PZ	五歌	152
赴	Z	-	Z	-	152
跃	Z	-	Z	-	152
墀	P	支	P	四支	151
夹	P	麻	Z	-	151
摘	P	开	Z	-	151
朗	Z	-	Z	-	151
浑	P	文	PZ	十三元	151
稻	Z	-	Z	-	151
等	Z	-	Z	-	151
午	Z	-	Z	-	150
吞	P	文	P	十三元	150
缀	Z	-	Z	-	150
鹰	P	庚	P	十蒸	150
署	Z	-	Z	-	149
翳	Z	-	Z	-	149
蔓	Z	-	Z	-	149
丧	Z	-	PZ	七阳	148
刘	P	尤	P	十一尤	148
妍	P	寒	P	一先	148
慈	P	支	P	四支	148
榆	P	齐	P	七虞	148
选	Z	-	Z	-	148
健	Z	-	Z	-	147
卒	P	姑	Z	-	147
堦	P	皆	P	-	147
戴	Z	-	Z	-	147
捧	Z	-	Z	-	147
疏	P	姑	PZ	六鱼	147
禹	Z	-	Z	-	147
翮	P	波	Z	-	147
舜	Z	-	Z	-	147
辽	P	豪	P	二萧	147
闱	P	微	P	五微	147
骚	P	豪	P	四豪	147
苟	Z	-	Z	-	146
韶	P	豪	P	二萧	146
孔	Z	-	Z	-	145
扰	Z	-	Z	-	145
砧	P	文	P	十二侵	145
碑	P	微	P	四支	145
纱	P	麻	P	六麻	145
廻	P	微	P	-	144
皓	Z	-	Z	-	144
菲	P	微	PZ	五微	144
郢	Z	-	Z	-	144
闾	P	齐	P	六鱼	144
领	Z	-	Z	-	144
务	Z	-	Z	-	143
矜	P	文	P	十蒸	143
薰	P	文	P	十二文	143
覩	Z	-	Z	-	143
让	Z	-	Z	-	143
巨	Z	-	Z	-	142
漾	Z	-	Z	-	142
议	Z	-	Z	-	142
麟	P	文	P	十一真	142
困	Z	-	Z	-	141
增	P	庚	P	十蒸	141
娱	P	齐	P	七虞	141
扁	Z	-	PZ	一先	141
淡	Z	-	Z	-	141
袂	Z	-	Z	-	141
黍	Z	-	Z	-	141
伐	P	麻	Z	-	140
宋	Z	-	Z	-	140
庄	P	唐	P	七阳	140
毒	P	姑	Z	-	140
牖	Z	-	Z	-	140
眇	Z	-	Z	-	140
筑	Z	-	Z	-	140
蔼	Z	-	Z	-	140
谪	P	波	Z	-	140
逼	P	齐	Z	-	140
飜	P	寒	P	-	140
匹	Z	-	Z	-	139
授	Z	-	Z	-	139
族	P	姑	Z	-	139
杉	P	寒	P	十五咸	139
汲	P	齐	Z	-	139
涂	P	姑	P	六鱼|七虞|六麻	139
眺	Z	-	Z	-	139
圃	Z	-	Z	-	138
媚	Z	-	Z	-	138
牙	P	麻	P	六麻	138
练	Z	-	Z	-	138
膏	P	豪	PZ	四豪	138
袍	P	豪	P	四豪	138
豁	P	波	Z	-	138
个	Z	-	Z	-	137
惬	Z	-	Z	-	137
灞	Z	-	Z	-	137
蘂	Z	-	Z	-	137
讲	Z	-	Z	-	137
跎	P	波	P	五歌	137
辱	Z	-	Z	-	137
陂	P	微	PZ	四支|五歌	137
季	Z	-	Z	-	136
戒	Z	-	Z	-	136
氲	P	文	P	十二文	136
注	Z	-	Z	-	136
腹	Z	-	Z	-	136
蹉	P	波	PZ	五歌	136
遮	P	波	P	六麻	136
邦	P	唐	P	三江	136
骄	P	豪	P	二萧	136
呈	P	庚	P	八庚	135
恒	P	庚	P	十蒸	135
乞	Z	-	Z	-	134
卫	Z	-	Z	-	134
垣	P	寒	P	十三元	134
祸	Z	-	Z	-	134
稽	P	齐	P	八齐	134
纪	Z	-	Z	-	134
蚕	P	寒	P	十三覃	134
丁	P	庚	P	八庚|九青	133
妖	P	豪	P	二萧	133
峻	Z	-	Z	-	133
拔	P	麻	Z	-	133
操	P	豪	PZ	四豪	133
朽	Z	-	Z	-	133
烽	P	庚	P	二冬	133
猛	Z	-	Z	-	133
电	Z	-	Z	-	133
耸	Z	-	Z	-	133
贺	Z	-	Z	-	133
顺	Z	-	Z	-	133
备	Z	-	Z	-	132
炼	Z	-	Z	-	132
笋	Z	-	Z	-	132
孰	P	姑	Z	-	131
绛	Z	-	Z	-	131
翅	Z	-	Z	-	131
辕	P	寒	P	十三元	131
锁	Z	-	Z	-	131
鸯	P	唐	P	七阳	131
乖	P	开	P	四支|九佳	130
具	Z	-	Z	-	130
刻	Z	-	Z	-	130
拾	P	支	Z	-	130
梵	Z	-	Z	-	130
棋	P	齐	P	四支	130
渴	Z	-	Z	-	130
蛟	P	豪	P	三肴	130
贼	P	微	Z	-	130
域	Z	-	Z	-	129
夺	P	波	Z	-	129
嫩	Z	-	Z	-	129
怯	Z	-	Z	-	129
旬	P	文	P	十一真	129
沼	Z	-	Z	-	129
狼	P	唐	P	七阳	129
男	P	寒	P	十三覃	129
败	Z	-	Z	-	129
躬	P	庚	P	一东	129
速	Z	-	Z	-	129
铺	Z	-	PZ	七虞	129
麦	Z	-	Z	-	129
乳	Z	-	Z	-	128
价	Z	-	Z	-	128
冤	P	寒	P	十三元	128
烂	Z	-	Z	-	128
眷	Z	-	Z	-	128
秘	Z	-	Z	-	128
褭	Z	-	Z	-	128
赫	Z	-	Z	-	128
靡	P	齐	Z	-	128
尤	P	尤	P	十一尤	127
漂	P	豪	PZ	二萧	127
珮	Z	-	Z	-	127
碛	Z	-	Z	-	127
辙	P	波	Z	-	127
兀	Z	-	Z	-	126
劫	P	皆	Z	-	126
汤	P	唐	PZ	七阳	126
浸	Z	-	PZ	十二侵	126
绪	Z	-	Z	-	126
罪	Z	-	Z	-	126
茎	P	庚	P	八庚	126
决	P	皆	Z	-	125
屯	P	文	P	十一真|十三元	125
攒	Z	-	PZ	十四寒	125
敛	Z	-	Z	-	125
烈	Z	-	Z	-	125
递	Z	-	Z	-	125
娟	P	寒	P	一先	124
屿	Z	-	Z	-	124
掖	P	波	Z	-	124
榻	Z	-	Z	-	124
誓	Z	-	Z	-	124
雏	P	姑	P	七虞	124
傲	Z	-	Z	-	123
典	Z	-	Z	-	123
怒	Z	-	Z	-	123
掷	Z	-	Z	-	123
握	Z	-	Z	-	123
柯	P	波	P	五歌	123
萋	P	齐	P	八齐	123
阿	P	麻	P	五歌	123
鲸	P	庚	P	八庚	123
栏	P	寒	P	十四寒	122
粟	Z	-	Z	-	122
组	Z	-	Z	-	122
获	Z	-	Z	-	122
蔬	P	姑	P	六鱼	122
薜	Z	-	Z	-	122
供	P	庚	PZ	二冬	121
卖	Z	-	Z	-	121
梯	P	齐	P	八齐	121
篁	P	唐	P	七阳	121
缺	P	皆	Z	-	121
葛	P	波	Z	-	121
蒸	P	庚	P	十蒸	121
谣	P	豪	P	二萧	121
颂	Z	-	Z	-	121
颠	P	寒	P	一先	121
驭	Z	-	Z	-	121
俄	P	波	P	五歌	120
冈	P	唐	P	七阳	120
剧	Z	-	Z	-	120
堆	P	微	P	十灰	120
傥	Z	-	Z	-	119
均	P	文	P	十一真	119
孝	Z	-	Z	-	119
尉	Z	-	Z	-	119
暎	Z	-	Z	-	119
曳	Z	-	Z	-	119
窟	P	姑	Z	-	119
莎	P	麻	P	五歌	119
街	P	皆	P	九佳	119
践	Z	-	Z	-	119
蹇	Z	-	PZ	十三元	119
专	P	寒	P	一先	118
嫁	Z	-	Z	-	118
架	Z	-	Z	-	118
滑	P	麻	Z	-	118
偷	P	尤	P	十一尤	117
剪	Z	-	Z	-	117
徊	P	开	P	十灰	117
栋	Z	-	Z	-	117
籁	Z	-	Z	-	117
纡	P	齐	PZ	七虞	117
翦	Z	-	Z	-	117
菱	P	庚	P	十蒸	117
亩	Z	-	Z	-	116
冕	Z	-	Z	-	116
整	Z	-	Z	-	116
株	P	姑	P	七虞	116
棘	P	齐	Z	-	116
的	Z	-	Z	-	116
藉	P	齐	Z	-	116
输	P	姑	PZ	七虞	116
鼠	Z	-	Z	-	116
忙	P	唐	P	七阳	115
缓	Z	-	Z	-	115
补	Z	-	Z	-	115
勇	Z	-	Z	-	114
姑	P	姑	P	七虞	114
娥	P	波	P	五歌	114
权	P	寒	P	一先	114
沿	P	寒	P	一先	114
湲	P	寒	P	十三元|十五删|一先	114
澜	P	寒	PZ	十四寒	114
瓶	P	庚	P	九青	114
痛	Z	-	Z	-	114
腥	P	庚	P	九青	114
葬	Z	-	Z	-	114
藩	P	寒	P	十三元	114
蚁	Z	-	Z	-	114
逃	P	豪	P	四豪	114
阮	Z	-	PZ	十三元	114
寇	Z	-	Z	-	113
悄	P	豪	Z	-	113
救	Z	-	PZ	七虞|十一尤	113
敬	Z	-	Z	-	113
旁	P	唐	P	七阳	113
格	P	波	Z	-	113
溜	P	尤	Z	-	113
砂	P	麻	P	六麻	113
碍	Z	-	Z	-	113
科	P	波	P	五歌	113
绳	P	庚	P	十蒸	113
袅	Z	-	Z	-	113
逝	Z	-	Z	-	113
饯	Z	-	Z	-	113
优	P	尤	PZ	十一尤	112
冉	Z	-	Z	-	112
夙	Z	-	Z	-	112
峦	P	寒	P	十四寒	112
序	Z	-	Z	-	112
液	Z	-	Z	-	112
谬	Z	-	Z	-	112
迤	P	齐	PZ	四支	112
顷	Z	-	PZ	八庚	112
充	P	庚	P	一东	111
告	Z	-	Z	-	111
壤	Z	-	Z	-	111
央	P	唐	P	七阳	111
循	P	文	P	十一真	111
惭	P	寒	P	-	111
烹	P	庚	P	八庚	111
煖	Z	-	Z	-	111
设	Z	-	Z	-	111
郑	Z	-	Z	-	111
伦	P	文	P	十一真	110
坏	Z	-	PZ	十灰	110
廓	Z	-	Z	-	110
湛	Z	-	PZ	十二侵|十三覃	110
缠	P	寒	PZ	一先	110
遽	Z	-	Z	-	110
错	Z	-	Z	-	110
雉	Z	-	Z	-	110
馨	P	文	P	九青	110
夭	P	豪	PZ	二萧	109
奴	P	姑	P	七虞	109
妓	Z	-	Z	-	109
插	P	麻	Z	-	109
汾	P	文	P	十二文	109
沐	Z	-	Z	-	109
筹	P	尤	P	十一尤	109
编	P	寒	P	一先	109
肩	P	寒	P	一先	109
惧	Z	-	Z	-	108
暄	P	寒	P	十三元	108
梳	P	姑	P	六鱼	108
溢	Z	-	Z	-	108
漱	Z	-	Z	-	108
瓦	Z	-	Z	-	108
襄	P	唐	P	七阳	108
锋	P	庚	P	二冬	108
阅	Z	-	Z	-	108
髪	Z	-	Z	-	108
寡	Z	-	Z	-	107
崔	P	微	P	十灰	107
活	P	波	Z	-	107
狐	P	姑	P	七虞	107
蜂	P	庚	P	二冬	107
豫	Z	-	Z	-	107
邪	P	皆	P	六麻	107
互	Z	-	Z	-	106
匡	P	唐	P	七阳	106
召	Z	-	Z	-	106
啄	P	波	Z	-	106
峤	Z	-	PZ	二萧	106
泻	Z	-	Z	-	106
盗	Z	-	Z	-	106
脚	Z	-	Z	-	106
衾	P	文	P	十二侵	106
乏	P	麻	Z	-	105
倏	P	姑	Z	-	105
像	Z	-	Z	-	105
否	Z	-	Z	-	105
彭	P	庚	P	七阳|八庚	105
患	Z	-	PZ	十五删	105
悦	Z	-	Z	-	105
申	P	文	P	十一真	105
皮	P	齐	P	四支	105
谅	Z	-	Z	-	105
鹏	P	庚	P	十蒸	105
俦	P	尤	P	十一尤	104
厨	P	姑	P	七虞	104
婴	P	庚	P	八庚	104
敷	P	姑	P	七虞	104
案	Z	-	Z	-	104
槎	P	麻	Z	-	104
混	Z	-	Z	-	104
煎	P	寒	PZ	一先	104
痴	P	支	P	四支	104
祝	Z	-	Z	-	104
纸	Z	-	Z	-	104
薪	P	文	P	十一真	104
函	P	寒	P	十三覃|十五咸	103
媒	P	微	P	十灰	103
怆	Z	-	PZ	七阳	103
损	Z	-	Z	-	103
絮	Z	-	Z	-	103
裂	Z	-	Z	-	103
铭	P	庚	P	九青	103
障	Z	-	PZ	七阳	103
洽	Z	-	Z	-	102
狎	P	麻	Z	-	102
畴	P	尤	P	十一尤	102
飖	P	豪	P	二萧	102
龄	P	庚	P	九青	102
怡	P	齐	P	四支	101
曜	Z	-	Z	-	101
涩	Z	-	Z	-	101
潘	P	寒	P	十四寒	101
稚	Z	-	Z	-	101
稳	Z	-	Z	-	101
贡	Z	-	Z	-	101
贯	Z	-	Z	-	101
迫	Z	-	Z	-	101
霰	Z	-	Z	-	101
卢	P	姑	P	七虞	100
埽	Z	-	Z	-	100
浔	P	文	P	十二侵	100
禾	P	波	P	五歌	100
释	Z	-	Z	-	100
锄	P	姑	P	六鱼	100
陟	Z	-	Z	-	100
冢	Z	-	PZ	一东	99
崩	P	庚	P	十蒸	99
恭	P	庚	P	二冬	99
扣	Z	-	Z	-	99
旨	Z	-	Z	-	99
浴	Z	-	Z	-	99
秪	P	支	P	-	99
稼	Z	-	Z	-	99
缄	P	寒	P	十五咸	99
藜	P	齐	P	八齐	99
褐	Z	-	Z	-	99
逆	Z	-	Z	-	99
墟	P	齐	P	六鱼	98
姬	P	齐	P	四支	98
寰	P	寒	P	十五删	98
捐	P	寒	P	一先	98
瓜	P	麻	P	六麻	98
示	Z	-	Z	-	98
葱	P	庚	P	-	98
逶	P	微	P	四支	98
鹄	Z	-	Z	-	98
黛	Z	-	Z	-	98
丞	P	庚	P	十蒸	97
宪	Z	-	Z	-	97
慎	Z	-	Z	-	97
校	Z	-	Z	-	97
棱	P	庚	P	十蒸	97
楹	P	庚	P	八庚	97
檝	P	齐	P	-	97
甸	P	寒	Z	-	97
裾	P	齐	P	六鱼	97
韩	P	寒	P	十四寒	97
骢	P	庚	P	一东	97
鼙	P	齐	P	八齐	97
仞	Z	-	Z	-	96
俨	Z	-	Z	-	96
勒	P	微	Z	-	96
噪	Z	-	Z	-	96
帛	P	波	Z	-	96
曛	P	文	P	十二文	96
涵	P	寒	P	十三覃	96
熊	P	庚	P	一东	96
褰	P	寒	P	一先	96
骥	Z	-	Z	-	96
劲	Z	-	Z	-	95
恻	Z	-	Z	-	95
揖	P	齐	Z	-	95
筠	P	文	P	十一真	95
茗	P	庚	Z	-	95
莓	P	微	P	十灰	95
葭	P	麻	PZ	六麻	95
邈	Z	-	Z	-	95
顿	Z	-	Z	-	95
傅	Z	-	Z	-	94
帽	Z	-	Z	-	94
徘	P	开	P	十灰	94
悔	Z	-	Z	-	94
札	P	麻	Z	-	94
梨	P	齐	P	四支|八齐	94
特	Z	-	Z	-	94
睿	Z	-	Z	-	94
箧	Z	-	Z	-	94
缅	Z	-	Z	-	94
舌	P	波	Z	-	94
谐	P	皆	P	九佳	94
霖	P	文	P	十二侵	94
霸	Z	-	Z	-	94
鸦	P	麻	P	六麻	94
倍	Z	-	Z	-	93
匪	Z	-	Z	-	93
喷	P	文	PZ	十三元	93
庾	Z	-	Z	-	93
愤	Z	-	Z	-	93
樯	P	唐	P	七阳	93
粲	Z	-	Z	-	93
缕	Z	-	Z	-	93
迸	Z	-	Z	-	93
透	Z	-	Z	-	93
震	Z	-	Z	-	93
麾	P	微	P	四支	93
丑	Z	-	Z	-	92
凶	P	庚	P	二冬	92
刃	Z	-	Z	-	92
墓	Z	-	Z	-	92
屐	P	齐	Z	-	92
峭	Z	-	Z	-	92
昧	Z	-	Z	-	92
突	P	姑	Z	-	92
芬	P	文	P	十二文	92
莽	Z	-	Z	-	92
薇	P	微	P	五微	92
豹	Z	-	Z	-	92
部	Z	-	Z	-	92
亚	Z	-	Z	-	91
叔	P	姑	Z	-	91
料	Z	-	PZ	二萧	91
构	Z	-	Z	-	91
牢	P	豪	P	四豪	91
狱	Z	-	Z	-	91
胸	P	庚	P	二冬	91
附	Z	-	Z	-	91
隋	P	微	P	四支	91
勉	Z	-	Z	-	90
品	Z	-	Z	-	90
扃	P	庚	P	九青	90
桡	P	豪	PZ	二萧	90
梢	P	豪	P	三肴	90
蟾	P	寒	P	十四盐	90
费	Z	-	Z	-	90
隣	P	文	P	-	90
霓	P	齐	PZ	八齐	90
廷	P	庚	PZ	九青	89
敲	P	豪	PZ	三肴	89
涌	Z	-	Z	-	89
灶	Z	-	Z	-	89
畅	Z	-	Z	-	89
畦	P	齐	P	八齐	89
矫	Z	-	PZ	二萧	89
秩	Z	-	Z	-	89
穆	Z	-	Z	-	89
纳	Z	-	Z	-	89
蟠	P	寒	P	十四寒	89
衫	P	寒	P	十五咸	89
黎	P	齐	P	八齐	89
灼	P	波	Z	-	88
蛩	P	庚	P	二冬	88
貂	P	豪	P	二萧	88
辔	Z	-	Z	-	88
骊	P	齐	P	四支|八齐	88
斧	Z	-	Z	-	87
旱	Z	-	Z	-	87
榛	P	文	P	十一真	87
瀛	P	庚	P	八庚	87
煮	Z	-	Z	-	87
犯	Z	-	Z	-	87
芽	P	麻	P	六麻	87
衲	Z	-	Z	-	87
讶	Z	-	Z	-	87
鄙	Z	-	Z	-	87
顽	P	寒	P	十五删	87
骸	P	开	P	九佳	87
𬬻	P	姑	P	七虞	87
慢	Z	-	Z	-	86
沉	P	文	P	-	86
熏	P	文	PZ	十二文	86
穹	P	庚	P	一东	86
荅	P	麻	P	-	86
蹰	P	姑	P	七虞	86
逈	Z	-	Z	-	86
铅	P	寒	P	一先	86
饰	Z	-	Z	-	86
鹓	P	寒	P	十三元	86
仓	P	唐	P	七阳	85
僮	P	庚	P	一东	85
叨	P	豪	P	四豪	85
吉	P	齐	Z	-	85
寓	Z	-	Z	-	85
栈	Z	-	Z	-	85
栗	Z	-	Z	-	85
桮	P	微	P	-	85
歛	P	寒	P	-	85
湍	P	寒	P	十四寒	85
肌	P	齐	P	四支	85
胆	Z	-	Z	-	85
诵	Z	-	Z	-	85
蹑	Z	-	Z	-	85
饵	Z	-	Z	-	85
冒	Z	-	Z	-	84
截	P	皆	Z	-	84
沃	Z	-	Z	-	84
瓮	Z	-	Z	-	84
疆	P	唐	P	七阳	84
砚	Z	-	Z	-	84
祀	Z	-	Z	-	84
筋	P	文	P	十二文	84
簇	Z	-	Z	-	84
羇	P	齐	P	四支	84
芒	P	唐	P	七阳	84
荫	P	文	Z	-	84
葵	P	微	P	四支	84
割	P	波	Z	-	83
治	Z	-	PZ	四支	83
税	Z	-	Z	-	83
翡	Z	-	Z	-	83
蠹	Z	-	Z	-	83
警	Z	-	Z	-	83
贻	P	齐	P	四支	83
迈	Z	-	Z	-	83
醪	P	豪	P	四豪	83
付	Z	-	Z	-	82
剡	Z	-	Z	-	82
哲	P	波	Z	-	82
妃	P	微	PZ	五微	82
怕	Z	-	Z	-	82
懒	Z	-	Z	-	82
拘	P	齐	P	七虞	82
旭	Z	-	Z	-	82
猜	P	开	P	十灰	82
琐	Z	-	Z	-	82
米	Z	-	Z	-	82
蕃	P	寒	P	十三元	82
讨	Z	-	Z	-	82
匠	Z	-	Z	-	81
岘	Z	-	Z	-	81
忌	Z	-	Z	-	81
测	Z	-	Z	-	81
溅	Z	-	PZ	一先	81
濑	Z	-	Z	-	81
窦	Z	-	Z	-	81
躅	P	姑	Z	-	81
钧	P	文	P	十一真	81
亏	P	微	P	四支	80
俊	Z	-	Z	-	80
偈	Z	-	Z	-	80
冀	Z	-	Z	-	80
嚣	P	豪	P	二萧|四豪	80
援	P	寒	PZ	十三元	80
效	Z	-	Z	-	80
斩	Z	-	Z	-	80
杪	Z	-	Z	-	80
棠	P	唐	P	七阳	80
磴	Z	-	Z	-	80
稠	P	尤	P	十一尤	80
羌	P	唐	P	七阳	80
臂	Z	-	Z	-	80
范	Z	-	Z	-	80
蓝	P	寒	P	十三覃	80
钗	P	开	P	九佳	80
锵	P	唐	P	七阳	80
颍	Z	-	Z	-	80
医	P	齐	P	四支	79
啭	Z	-	Z	-	79
浆	P	唐	P	七阳	79
灌	Z	-	Z	-	79
瓢	P	豪	P	二萧	79
盐	P	寒	PZ	十四盐	79
窃	Z	-	Z	-	79
贮	Z	-	Z	-	79
骏	Z	-	Z	-	79
麋	P	齐	P	四支	79
刹	P	麻	Z	-	78
妄	Z	-	Z	-	78
惯	Z	-	Z	-	78
漳	P	唐	P	七阳	78
猷	P	尤	P	十一尤	78
肝	P	寒	P	十四寒	78
膺	P	庚	P	十蒸	78
跻	P	齐	P	八齐	78
踟	P	支	P	四支	78
遵	P	文	P	十一真	78
骖	P	寒	P	十三覃	78
匝	P	麻	Z	-	77
博	P	波	Z	-	77
打	Z	-	Z	-	77
按	Z	-	Z	-	77
柄	Z	-	Z	-	77
槿	Z	-	Z	-	77
窈	Z	-	Z	-	77
舂	P	庚	P	二冬	77
蹊	P	齐	P	八齐	77
髣	Z	-	Z	-	77
髴	P	姑	P	-	77
髻	Z	-	Z	-	77
局	P	齐	Z	-	76
徂	P	姑	P	七虞	76
徽	P	微	P	五微	76
忻	P	文	P	-	76
憩	Z	-	Z	-	76
抵	Z	-	Z	-	76
油	P	尤	PZ	十一尤	76
躯	P	齐	P	七虞	76
酸	P	寒	P	十四寒	76
隙	Z	-	Z	-	76
俸	Z	-	Z	-	75
刑	P	庚	P	九青	75
削	P	皆	Z	-	75
坼	Z	-	Z	-	75
妬	Z	-	Z	-	75
榭	Z	-	Z	-	75
檐	P	寒	P	十四盐	75
淫	P	文	P	十二侵	75
灾	P	开	P	十灰	75
窕	Z	-	Z	-	75
络	Z	-	Z	-	75
遑	P	唐	P	七阳	75
隈	P	微	P	十灰	75
霍	Z	-	Z	-	75
幌	Z	-	Z	-	74
择	P	波	Z	-	74
捣	Z	-	Z	-	74
杵	Z	-	Z	-	74
沥	Z	-	Z	-	74
焰	Z	-	Z	-	74
膝	P	齐	Z	-	74
驷	Z	-	Z	-	74
呌	Z	-	Z	-	73
咫	Z	-	Z	-	73
唤	Z	-	Z	-	73
填	P	寒	PZ	十一真|一先	73
害	Z	-	Z	-	73
悴	Z	-	Z	-	73
挹	Z	-	Z	-	73
敞	Z	-	Z	-	73
涤	P	齐	Z	-	73
湄	P	微	P	四支	73
煌	P	唐	P	七阳	73
翛	P	豪	PZ	二萧	73
苇	Z	-	Z	-	73
认	Z	-	Z	-	73
陋	Z	-	Z	-	73
坂	Z	-	Z	-	72
宙	Z	-	Z	-	72
巍	P	微	P	五微	72
弘	P	庚	P	十蒸	72
慨	Z	-	Z	-	72
湾	P	寒	P	十四寒|十五删	72
焦	P	豪	P	二萧	72
犀	P	齐	P	八齐	72
竭	P	皆	Z	-	72
缝	Z	-	PZ	二冬	72
诛	P	姑	P	七虞	72
诺	Z	-	Z	-	72
蹋	Z	-	Z	-	72
阊	P	唐	P	七阳	72
伸	P	文	P	十一真	71
兆	Z	-	Z	-	71
吁	P	齐	PZ	七虞	71
沽	P	姑	P	七虞	71
珊	P	寒	P	十四寒	71
磷	P	文	PZ	十一真	71
竝	Z	-	Z	-	71
缭	P	豪	PZ	二萧	71
蕉	P	豪	P	二萧	71
蕤	P	微	P	四支	71
跳	Z	-	PZ	二萧	71
轴	P	尤	Z	-	71
銮	P	寒	P	十四寒	71
闷	Z	-	Z	-	71
呜	P	姑	PZ	七虞	70
庸	P	庚	P	二冬	70
恼	Z	-	Z	-	70
敦	P	文	PZ	十三元|十四寒	70
旄	P	豪	PZ	四豪	70
朴	Z	-	Z	-	70
淅	P	齐	Z	-	70
渊	P	寒	P	一先	70
漆	P	齐	Z	-	70
珪	P	微	P	-	70
疮	P	唐	P	七阳	70
窄	Z	-	Z	-	70
缥	P	豪	Z	-	70
耽	P	寒	P	十三覃	70
般	P	寒	P	十四寒|十五删	70
谙	P	寒	P	十三覃	70
仕	Z	-	Z	-	69
凰	P	唐	P	七阳	69
啾	P	尤	P	十一尤	69
喻	Z	-	P	七虞	69
奠	Z	-	Z	-	69
尹	Z	-	Z	-	69
徼	Z	-	PZ	二萧	69
率	Z	-	Z	-	69
羲	P	齐	P	四支	69
臾	P	齐	P	七虞	69
芸	P	文	P	十二文	69
萼	Z	-	Z	-	69
谩	P	寒	PZ	十四寒	69
软	Z	-	Z	-	69
辅	Z	-	Z	-	69
雍	P	庚	PZ	二冬	69
骋	Z	-	Z	-	69
圭	P	微	P	八齐	68
坞	Z	-	Z	-	68
巅	P	寒	P	一先	68
憎	P	庚	P	十蒸	68
拱	Z	-	Z	-	68
摩	P	波	PZ	五歌	68
毁	Z	-	Z	-	68
缁	P	支	P	四支	68
肆	Z	-	Z	-	68
驯	Z	-	P	十一真	68
凛	Z	-	Z	-	67
包	P	豪	P	三肴	67
嵇	P	齐	P	八齐	67
店	Z	-	Z	-	67
彦	Z	-	Z	-	67
拭	Z	-	Z	-	67
涟	P	寒	P	一先	67
滟	Z	-	Z	-	67
爵	P	皆	Z	-	67
膻	P	寒	P	一先	67
艺	Z	-	Z	-	67
讴	P	尤	P	十一尤	67
辍	Z	-	Z	-	67
遰	Z	-	Z	-	67
飏	P	唐	PZ	七阳	67
鹦	P	庚	P	八庚	67
卓	P	波	Z	-	66
巵	P	支	P	-	66
椒	P	豪	P	二萧	66
滔	P	豪	P	四豪	66
焕	Z	-	Z	-	66
珑	P	庚	P	一东	66
聪	P	庚	P	一东	66
肤	P	姑	P	七虞	66
艇	Z	-	Z	-	66
荧	P	庚	P	九青	66
训	Z	-	Z	-	66
骤	Z	-	Z	-	66
叫	Z	-	Z	-	65
攻	P	庚	P	一东	65
昂	P	唐	P	-	65
枢	P	姑	P	七虞	65
熙	P	齐	P	四支	65
狖	Z	-	Z	-	65
祭	Z	-	Z	-	65
簿	Z	-	Z	-	65
萸	P	齐	P	七虞	65
蓟	Z	-	Z	-	65
袭	P	齐	Z	-	65
黯	Z	-	Z	-	65
𪩘	Z	-	Z	-	65
储	Z	-	P	六鱼	64
基	P	齐	P	四支	64
廉	P	寒	P	十四盐	64
楫	P	齐	Z	-	64
檄	P	齐	Z	-	64
派	Z	-	Z	-	64
淼	Z	-	Z	-	64
算	Z	-	Z	-	64
纲	P	唐	P	七阳	64
罇	P	文	P	-	64
蛰	P	波	Z	-	64
讼	Z	-	Z	-	64
豺	P	开	P	九佳	64
阖	P	波	Z	-	64
奋	Z	-	Z	-	63
擢	P	波	Z	-	63
沫	Z	-	Z	-	63
淳	P	文	P	十一真	63
燄	Z	-	Z	-	63
珂	P	波	P	五歌	63
琅	P	唐	P	七阳	63
瓯	P	尤	P	十一尤	63
筝	P	庚	P	八庚	63
蝇	P	庚	P	十蒸	63
顇	Z	-	Z	-	63
飕	P	尤	P	十一尤	63
骇	Z	-	Z	-	63
鬟	P	寒	P	十五删	63
介	Z	-	Z	-	62
冯	P	庚	P	一东|十蒸	62
彤	P	庚	P	二冬	62
恃	Z	-	Z	-	62
悉	P	齐	Z	-	62
斟	P	文	P	十二侵	62
板	Z	-	Z	-	62
渌	Z	-	Z	-	62
甫	Z	-	Z	-	62
莹	P	庚	PZ	八庚|九青	62
钿	Z	-	PZ	一先	62
韦	P	微	P	五微	62
预	Z	-	Z	-	62
刚	P	唐	P	七阳	61
婵	P	寒	P	一先	61
弊	Z	-	Z	-	61
拳	P	寒	P	一先	61
杰	P	皆	Z	-	61
濡	P	姑	P	七虞	61
畿	P	齐	P	五微	61
祇	P	齐	P	四支	61
粱	P	唐	P	七阳	61
苒	Z	-	Z	-	61
财	P	开	P	十灰	61
跸	Z	-	Z	-	61
陛	Z	-	Z	-	61
鹅	P	波	P	五歌	61
僚	P	豪	PZ	二萧	60
吕	Z	-	Z	-	60
嗣	Z	-	Z	-	60
囚	P	尤	P	十一尤	60
幼	Z	-	Z	-	60
恸	Z	-	Z	-	60
惮	Z	-	Z	-	60
播	P	波	Z	-	60
晶	P	庚	P	八庚	60
烬	Z	-	Z	-	60
螭	P	支	P	四支	60
轸	Z	-	Z	-	60
针	P	文	P	十二侵|十四盐	60
陷	Z	-	Z	-	60
鲤	Z	-	Z	-	60
俭	Z	-	Z	-	59
唳	Z	-	Z	-	59
垢	Z	-	Z	-	59
奸	P	寒	P	十四寒|十五删	59
屑	Z	-	Z	-	59
帏	P	微	P	五微	59
幄	Z	-	Z	-	59
快	Z	-	Z	-	59
揽	Z	-	Z	-	59
搔	P	豪	P	四豪	59
暴	Z	-	Z	-	59
检	Z	-	Z	-	59
樊	P	寒	P	十三元	59
淑	P	姑	Z	-	59
玲	P	庚	P	九青	59
瑕	P	麻	P	六麻	59
稷	Z	-	Z	-	59
缆	Z	-	Z	-	59
羹	P	庚	P	八庚	59
肺	Z	-	Z	-	59
菜	Z	-	Z	-	59
髭	P	支	P	四支	59
兮	P	齐	P	八齐	58
尸	P	支	P	四支	58
幢	P	唐	PZ	三江	58
惑	Z	-	Z	-	58
掇	P	波	Z	-	58
旒	P	尤	P	十一尤	58
考	Z	-	Z	-	58
茨	P	支	P	四支	58
虬	P	尤	P	十一尤	58
贝	Z	-	Z	-	58
隼	Z	-	Z	-	58
顦	P	豪	P	-	58
颐	P	齐	P	四支	58
产	Z	-	Z	-	57
仑	P	文	P	十一真|十三元	57
侠	P	麻	Z	-	57
凯	Z	-	Z	-	57
囗	P	微	P	-	57
徇	Z	-	Z	-	57
捷	P	皆	Z	-	57
沸	Z	-	Z	-	57
渥	Z	-	Z	-	57
研	P	寒	PZ	一先	57
窜	Z	-	Z	-	57
答	P	麻	Z	-	57
粮	P	唐	P	七阳	57
绂	P	姑	Z	-	57
给	Z	-	Z	-	57
翘	Z	-	P	二萧	57
胎	P	开	P	十灰	57
航	P	唐	P	七阳	57
芰	Z	-	Z	-	57
蒹	P	寒	P	十四盐	57
蔡	Z	-	Z	-	57
铃	P	庚	P	九青|十四盐	57
阡	P	寒	P	一先	57
雌	P	支	P	四支	57
馥	Z	-	Z	-	57
验	Z	-	Z	-	57
鹉	Z	-	Z	-	57
黏	P	寒	P	十四盐	57
吠	Z	-	Z	-	56
弯	P	寒	P	十五删	56
彰	P	唐	P	七阳	56
拨	P	波	Z	-	56
掉	Z	-	Z	-	56
显	Z	-	Z	-	56
款	Z	-	Z	-	56
滥	Z	-	Z	-	56
緜	P	寒	P	-	56
膳	Z	-	Z	-	56
诀	P	皆	Z	-	56
谗	P	寒	PZ	十五咸	56
钦	P	文	P	十二侵	56
俟	P	齐	Z	-	55
嗤	P	支	P	四支	55
嚬	P	文	P	十一真	55
堞	P	皆	Z	-	55
幡	P	寒	P	十三元	55
恬	P	寒	P	十四盐	55
扑	P	姑	Z	-	55
杼	Z	-	Z	-	55
柘	Z	-	Z	-	55
殁	Z	-	Z	-	55
牋	P	寒	P	-	55
狭	P	麻	Z	-	55
腻	Z	-	Z	-	55
茸	P	庚	PZ	二冬	55
蕴	Z	-	PZ	十三元	55
藂	P	庚	P	-	55
蠡	P	齐	PZ	四支|八齐	55
责	P	波	Z	-	55
赞	Z	-	Z	-	55
鹢	Z	-	Z	-	55
龛	P	寒	P	十三覃	55
婆	P	波	P	五歌	54
峥	P	庚	P	八庚	54
嵬	P	微	PZ	十灰	54
憔	P	豪	P	二萧	54
挽	Z	-	Z	-	54
控	Z	-	Z	-	54
曝	Z	-	Z	-	54
曰	P	皆	Z	-	54
枪	P	唐	P	七阳|八庚	54
梗	Z	-	Z	-	54
浇	P	豪	P	二萧	54
胥	P	齐	P	六鱼	54
脸	Z	-	Z	-	54
荻	P	齐	Z	-	54
藕	Z	-	Z	-	54
衮	Z	-	Z	-	54
裙	P	文	P	十二文	54
诣	Z	-	Z	-	54
跨	Z	-	Z	-	54
醴	Z	-	Z	-	54
鼇	P	豪	P	-	54
𫏐	Z	-	Z	-	54
亮	Z	-	Z	-	53
卉	Z	-	Z	-	53
坡	P	波	P	五歌	53
夔	P	微	P	四支	53
帙	Z	-	Z	-	53
沓	P	麻	Z	-	53
浣	Z	-	Z	-	53
矶	P	齐	P	五微	53
祈	P	齐	P	五微	53
筿	Z	-	Z	-	53
粒	Z	-	Z	-	53
诉	Z	-	Z	-	53
遁	Z	-	Z	-	53
婉	Z	-	Z	-	52
挟	P	皆	Z	-	52
污	P	姑	PZ	七虞|六麻	52
涓	P	寒	P	一先	52
溯	Z	-	Z	-	52
狗	Z	-	Z	-	52
玳	Z	-	Z	-	52
琢	P	波	Z	-	52
窅	Z	-	PZ	三肴	52
篆	Z	-	Z	-	52
缚	Z	-	Z	-	52
舸	Z	-	Z	-	52
驺	P	尤	P	七虞|十一尤	52
魅	Z	-	Z	-	52
丸	P	寒	P	十四寒	51
惹	Z	-	Z	-	51
据	Z	-	PZ	六鱼	51
擎	P	庚	P	八庚	51
替	Z	-	Z	-	51
栢	Z	-	Z	-	51
榴	P	尤	P	十一尤	51
盼	Z	-	Z	-	51
箔	P	波	Z	-	51
绡	P	豪	P	二萧	51
脂	P	支	P	四支	51
蓑	P	波	P	五歌	51
衙	P	麻	PZ	六鱼|六麻	51
裹	Z	-	Z	-	51
逡	P	文	P	十一真	51
钺	Z	-	Z	-	51
阜	Z	-	Z	-	51
鸪	P	姑	P	七虞	51
鼻	P	齐	Z	-	51
倘	Z	-	Z	-	50
叩	Z	-	Z	-	50
婚	P	文	P	十三元	50
尼	P	齐	PZ	四支	50
岖	P	齐	P	七虞	50
嵘	P	庚	P	八庚	50
幻	Z	-	Z	-	50
扪	P	文	P	十三元	50
禀	Z	-	Z	-	50
线	Z	-	Z	-	50
罍	P	微	P	十灰	50
蕨	P	皆	Z	-	50
迩	Z	-	Z	-	50
閟	Z	-	Z	-	50
饿	Z	-	Z	-	50
魔	P	波	P	五歌	50
鹧	Z	-	Z	-	50
𣸣	P	文	P	十二文	50
剖	P	尤	Z	-	49
姚	P	豪	P	二萧	49
岷	P	文	P	十一真	49
嵯	P	波	P	四支|五歌	49
庇	Z	-	Z	-	49
拆	P	开	Z	-	49
暌	P	微	P	八齐	49
榜	Z	-	PZ	八庚	49
牕	P	唐	P	-	49
盆	P	文	P	十三元	49
箓	Z	-	Z	-	49
绩	Z	-	Z	-	49
荔	Z	-	Z	-	49
菰	P	姑	P	七虞	49
蹙	Z	-	Z	-	49
配	Z	-	Z	-	49
鸢	P	寒	P	一先	49
黔	P	寒	P	十二侵|十四盐	49
匀	P	文	P	十一真	48
嬉	P	齐	PZ	四支	48
慧	Z	-	Z	-	48
抑	Z	-	Z	-	48
旃	P	寒	P	一先	48
暧	Z	-	Z	-	48
爪	Z	-	Z	-	48
舫	Z	-	Z	-	48
茵	P	文	P	十一真	48
铄	Z	-	Z	-	48
麝	Z	-	Z	-	48
亿	Z	-	Z	-	47
刍	P	姑	P	七虞	47
坊	P	唐	P	七阳	47
墅	Z	-	Z	-	47
奕	Z	-	Z	-	47
慷	P	唐	PZ	七阳	47
擅	Z	-	Z	-	47
毂	Z	-	Z	-	47
筌	P	寒	P	一先	47
箕	P	齐	P	四支	47
绅	P	文	P	十一真	47
缈	Z	-	Z	-	47
菡	Z	-	Z	-	47
萏	Z	-	Z	-	47
衷	P	庚	PZ	一东	47
讐	P	尤	P	-	47
踌	P	尤	P	十一尤	47
邹	P	尤	P	十一尤	47
铸	Z	-	Z	-	47
髓	Z	-	Z	-	47
鸎	P	庚	P	-	47
你	Z	-	Z	-	46
匈	P	庚	P	二冬	46
扈	Z	-	Z	-	46
炊	P	微	P	四支	46
筐	P	唐	P	七阳	46
葳	P	微	P	五微	46
蟋	P	齐	P	-	46
褒	P	豪	P	四豪	46
轧	Z	-	Z	-	46
邨	P	文	P	-	46
邸	Z	-	Z	-	46
钵	P	波	Z	-	46
闹	Z	-	Z	-	46
闽	Z	-	P	十一真	46
鸱	P	支	P	四支	46
吃	P	支	Z	-	45
吼	Z	-	Z	-	45
戢	P	齐	Z	-	45
挺	Z	-	Z	-	45
檀	P	寒	P	十四寒	45
洄	P	微	P	十灰	45
眄	Z	-	Z	-	45
着	Z	-	Z	-	45
矛	P	豪	P	十一尤	45
纹	P	文	P	十二文	45
缾	P	庚	P	-	45
翊	Z	-	Z	-	45
胶	P	豪	PZ	三肴	45
邯	P	寒	P	十三覃	45
郸	P	寒	P	十四寒	45
铿	P	庚	P	八庚	45
镂	Z	-	PZ	七虞	45
韬	P	豪	PZ	四豪	45
伍	Z	-	Z	-	44
厥	P	皆	Z	-	44
厦	Z	-	Z	-	44
嗔	P	文	P	十一真	44
嗜	Z	-	Z	-	44
幔	Z	-	Z	-	44
懽	P	寒	P	-	44
牡	Z	-	Z	-	44
玕	P	寒	P	十四寒	44
甃	Z	-	Z	-	44
筇	P	庚	P	二冬	44
纨	P	寒	P	十四寒	44
翎	P	庚	P	九青	44
蜜	Z	-	Z	-	44
谟	P	波	P	七虞	44
隳	P	微	P	-	44
额	P	波	Z	-	44
骎	P	文	P	十二侵	44
髯	P	寒	PZ	十四盐	44
鲍	Z	-	Z	-	44
什	P	文	Z	-	43
创	Z	-	PZ	七阳	43
咄	P	波	Z	-	43
咨	P	支	P	四支	43
壻	Z	-	Z	-	43
奚	P	齐	P	八齐	43
屦	Z	-	Z	-	43
崎	P	齐	P	四支	43
巉	P	寒	PZ	十五咸	43
扆	Z	-	Z	-	43
挑	P	豪	PZ	二萧|四豪	43
掾	Z	-	Z	-	43
摆	Z	-	Z	-	43
欠	Z	-	Z	-	43
毬	P	尤	P	-	43
泄	Z	-	Z	-	43
湓	P	文	P	十三元	43
碣	P	皆	Z	-	43
胧	P	庚	P	一东	43
芊	P	寒	PZ	一先	43
萎	P	微	PZ	四支	43
萱	P	寒	P	十三元	43
薤	Z	-	Z	-	43
誉	Z	-	PZ	六鱼	43
酿	Z	-	Z	-	43
陀	P	波	P	五歌	43
骝	P	尤	P	十一尤	43
鵶	P	麻	P	-	43
鸠	P	尤	P	十一尤	43
俎	Z	-	Z	-	42
僊	P	寒	P	-	42
冶	Z	-	Z	-	42
吸	P	齐	Z	-	42
库	Z	-	Z	-	42
晒	Z	-	Z	-	42
樱	P	庚	P	八庚	42
歘	P	麻	P	-	42
涸	P	波	Z	-	42
潦	Z	-	PZ	二萧	42
犊	P	姑	Z	-	42
竖	Z	-	Z	-	42
缩	P	波	Z	-	42
耶	P	波	P	六麻	42
股	Z	-	Z	-	42
臆	Z	-	Z	-	42
藿	Z	-	Z	-	42
蟀	Z	-	Z	-	42
豆	Z	-	Z	-	42
豸	Z	-	Z	-	42
钝	Z	-	Z	-	42
闪	Z	-	Z	-	42
隆	P	庚	P	一东	42
隘	Z	-	Z	-	42
颈	Z	-	Z	-	42
驹	P	齐	P	七虞	42
麒	P	齐	P	四支	42
努	Z	-	Z	-	41
喉	P	尤	P	十一尤	41
嘘	P	齐	PZ	六鱼	41
垅	Z	-	Z	-	41
奢	P	波	P	六麻	41
徙	Z	-	Z	-	41
愈	Z	-	PZ	七虞	41
抗	Z	-	Z	-	41
搴	P	寒	PZ	一先	41
晞	P	齐	P	五微	41
朵	Z	-	Z	-	41
枣	Z	-	Z	-	41
桓	P	寒	P	十四寒	41
泾	P	庚	PZ	九青	41
璃	P	齐	P	四支	41
疵	P	支	P	四支	41
癖	Z	-	Z	-	41
穗	Z	-	Z	-	41
箱	P	唐	P	七阳	41
艾	Z	-	Z	-	41
萌	P	庚	P	八庚	41
蒨	Z	-	Z	-	41
蓂	P	庚	P	九青	41
蛙	P	麻	P	九佳|六麻	41
觌	P	齐	Z	-	41
证	Z	-	Z	-	41
趾	Z	-	Z	-	41
遨	P	豪	P	四豪	41
邛	P	庚	P	二冬	41
阎	P	寒	P	十四盐	41
陲	P	微	P	四支	41
革	P	波	Z	-	41
馔	Z	-	Z	-	41
麤	P	姑	P	-	41
劣	Z	-	Z	-	40
帖	P	皆	Z	-	40
录	Z	-	Z	-	40
擒	P	文	P	十二侵	40
柚	Z	-	Z	-	40
样	Z	-	Z	-	40
槁	Z	-	Z	-	40
氤	P	文	P	十一真	40
溶	P	庚	PZ	二冬	40
滓	Z	-	Z	-	40
濩	Z	-	Z	-	40
甿	P	庚	P	八庚	40
眸	P	尤	P	十一尤	40
碁	P	齐	P	-	40
祷	Z	-	Z	-	40
脆	Z	-	Z	-	40
菌	P	文	PZ	十一真	40
蓄	Z	-	Z	-	40
蚊	P	文	P	十二文	40
裛	Z	-	Z	-	40
轺	P	豪	P	二萧	40
闰	Z	-	Z	-	40
颁	P	寒	P	十二文|十五删	40
债	Z	-	Z	-	39
党	Z	-	Z	-	39
兢	P	庚	P	十蒸	39
剩	Z	-	Z	-	39
奥	Z	-	Z	-	39
娑	P	波	PZ	五歌	39
庵	P	寒	P	十三覃	39
掬	P	齐	Z	-	39
曈	P	庚	P	一东	39
梭	P	波	P	五歌	39
段	Z	-	Z	-	39
澈	Z	-	Z	-	39
炙	Z	-	Z	-	39
瑚	P	姑	P	七虞	39
盥	Z	-	Z	-	39
瞰	Z	-	Z	-	39
肱	P	庚	P	十蒸	39
茱	P	姑	P	七虞	39
裔	Z	-	Z	-	39
谤	Z	-	Z	-	39
辩	Z	-	Z	-	39
逗	Z	-	Z	-	39
邺	Z	-	Z	-	39
醺	P	文	P	十二文	39
隄	P	齐	P	-	39
判	Z	-	Z	-	38
叙	Z	-	Z	-	38
堑	Z	-	Z	-	38
岧	P	豪	P	二萧	38
惕	Z	-	Z	-	38
担	P	寒	PZ	十三覃	38
析	P	齐	Z	-	38
栊	P	庚	P	一东	38
梓	Z	-	Z	-	38
泗	Z	-	Z	-	38
漪	P	齐	P	四支	38
炭	Z	-	Z	-	38
版	Z	-	Z	-	38
狄	P	齐	Z	-	38
租	P	姑	P	七虞	38
罕	Z	-	Z	-	38
腐	Z	-	Z	-	38
舃	Z	-	Z	-	38
荀	P	文	P	十一真	38
蓼	Z	-	Z	-	38
蜃	Z	-	Z	-	38
诱	Z	-	Z	-	38
谊	Z	-	Z	-	38
邅	P	寒	PZ	一先	38
阃	Z	-	Z	-	38
项	Z	-	Z	-	38
驴	P	齐	P	六鱼	38
侬	P	庚	P	二冬	37
坎	Z	-	Z	-	37
屠	P	姑	P	六鱼|七虞	37
帅	Z	-	Z	-	37
戮	Z	-	Z	-	37
曷	P	波	Z	-	37
煦	Z	-	Z	-	37
瞩	Z	-	Z	-	37
竽	P	齐	P	七虞	37
绽	Z	-	Z	-	37
胄	Z	-	Z	-	37
薮	Z	-	Z	-	37
蛛	P	姑	P	七虞	37
迅	Z	-	Z	-	37
邙	P	唐	P	七阳	37
霆	P	庚	P	九青	37
颊	P	麻	Z	-	37
伶	P	庚	P	九青	36
佞	Z	-	Z	-	36
剥	P	波	Z	-	36
哂	Z	-	Z	-	36
唇	P	文	P	十一真	36
孺	P	姑	PZ	七虞	36
察	P	麻	Z	-	36
峒	Z	-	PZ	一东	36
崆	P	庚	P	一东	36
懃	P	文	P	-	36
枚	P	微	P	十灰	36
枥	Z	-	Z	-	36
棣	Z	-	Z	-	36
橐	P	波	Z	-	36
浙	Z	-	Z	-	36
溺	Z	-	Z	-	36
澌	P	支	PZ	四支|八齐	36
熳	Z	-	Z	-	36
琳	P	文	P	十二侵	36
瑁	Z	-	Z	-	36
砾	Z	-	Z	-	36
秖	P	支	P	-	36
箨	Z	-	Z	-	36
耆	P	齐	P	四支	36
课	Z	-	Z	-	36
蹈	Z	-	Z	-	36
躇	P	姑	PZ	六鱼	36
酝	Z	-	Z	-	36
骐	P	齐	P	四支	36
鸽	P	波	Z	-	36
䜩	Z	-	Z	-	35
刷	P	麻	Z	-	35
块	Z	-	Z	-	35
娃	P	麻	P	九佳|六麻	35
嫖	P	豪	P	二萧	35
孩	P	开	P	十灰	35
孱	Z	-	P	十五删|一先	35
导	Z	-	Z	-	35
庚	P	庚	P	八庚	35
弭	Z	-	Z	-	35
抟	P	寒	P	十四寒	35
撩	P	豪	P	二萧	35
枭	P	豪	P	二萧	35
沮	Z	-	PZ	六鱼	35
涎	P	寒	PZ	一先	35
琉	P	尤	P	十一尤	35
磊	Z	-	Z	-	35
秽	Z	-	Z	-	35
稔	Z	-	Z	-	35
笠	Z	-	Z	-	35
耐	Z	-	Z	-	35
肘	Z	-	Z	-	35
肢	P	支	P	四支	35
育	Z	-	Z	-	35
舅	Z	-	Z	-	35
蜡	Z	-	Z	-	35
觜	P	支	PZ	四支	35
踯	P	支	Z	-	35
辜	P	姑	P	七虞	35
述	Z	-	Z	-	35
阆	P	唐	PZ	七阳	35
骛	Z	-	Z	-	35
𣃁	Z	-	Z	-	35
悮	Z	-	Z	-	34
悯	Z	-	Z	-	34
挈	Z	-	Z	-	34
敝	Z	-	Z	-	34
查	P	麻	P	六麻	34
栉	Z	-	Z	-	34
桧	Z	-	Z	-	34
欤	P	齐	PZ	六鱼	34
汞	Z	-	Z	-	34
沅	P	寒	PZ	十三元	34
泫	Z	-	Z	-	34
泬	P	皆	Z	-	34
淇	P	齐	P	四支	34
渤	P	波	Z	-	34
璞	P	姑	Z	-	34
秾	P	庚	P	二冬	34
竺	P	姑	Z	-	34
糟	P	豪	P	四豪	34
苞	P	豪	P	三肴	34
葩	P	麻	P	六麻	34
讽	Z	-	Z	-	34
货	Z	-	Z	-	34
跼	P	齐	Z	-	34
邓	Z	-	Z	-	34
酲	P	庚	P	八庚	34
鲈	P	姑	P	七虞	34
乙	Z	-	Z	-	33
俛	Z	-	Z	-	33
倡	Z	-	P	七阳	33
册	Z	-	Z	-	33
员	P	寒	PZ	十二文|一先	33
妒	Z	-	Z	-	33
婢	Z	-	Z	-	33
嬴	P	庚	P	四支|八庚	33
岱	Z	-	Z	-	33
弧	P	姑	P	七虞	33
恤	Z	-	Z	-	33
恰	Z	-	Z	-	33
愆	P	寒	P	一先	33
擘	P	开	Z	-	33
晤	Z	-	Z	-	33
曦	P	齐	P	四支	33
欵	Z	-	Z	-	33
汚	P	姑	P	-	33
汴	Z	-	Z	-	33
燎	P	豪	PZ	二萧	33
爨	Z	-	Z	-	33
监	P	寒	PZ	十五咸	33
矢	Z	-	Z	-	33
穑	Z	-	Z	-	33
罅	Z	-	Z	-	33
聘	Z	-	Z	-	33
蠢	Z	-	Z	-	33
衍	Z	-	Z	-	33
衞	Z	-	Z	-	33
觥	P	庚	P	八庚	33
诮	Z	-	Z	-	33
轨	Z	-	Z	-	33
逮	Z	-	Z	-	33
邮	P	尤	P	十一尤	33
阗	P	寒	PZ	一先	33
隰	P	齐	Z	-	33
驶	Z	-	Z	-	33
骧	P	唐	P	七阳	33
鹗	Z	-	PZ	二萧	33
乎	P	姑	P	七虞	32
偕	P	皆	P	九佳	32
厄	Z	-	Z	-	32
厉	Z	-	Z	-	32
寤	Z	-	Z	-	32
峩	P	波	P	-	32
恍	Z	-	Z	-	32
慇	P	文	P	-	32
拍	P	开	Z	-	32
揭	P	皆	Z	-	32
曩	Z	-	Z	-	32
棃	P	齐	P	-	32
狩	Z	-	Z	-	32
番	P	寒	P	十三元|五歌	32
疠	Z	-	Z	-	32
盏	Z	-	Z	-	32
睨	Z	-	Z	-	32
祛	P	齐	P	六鱼	32
粗	P	姑	P	七虞	32
蕖	P	齐	P	六鱼	32
袁	P	寒	P	十三元	32
諠	P	寒	P	-	32
陕	Z	-	Z	-	32
陨	Z	-	Z	-	32
倪	P	齐	P	四支|八齐	31
副	Z	-	Z	-	31
卤	Z	-	Z	-	31
嘲	P	豪	P	三肴	31
嚼	P	皆	Z	-	31
堵	Z	-	Z	-	31
帻	P	波	Z	-	31
撑	P	庚	P	八庚	31
斤	P	文	PZ	十二文	31
晕	P	文	Z	-	31
涔	P	文	P	十二侵	31
演	Z	-	Z	-	31
祚	Z	-	Z	-	31
窠	P	波	P	五歌	31
竦	Z	-	Z	-	31
笥	Z	-	Z	-	31
籥	Z	-	Z	-	31
纬	Z	-	Z	-	31
罥	Z	-	Z	-	31
耘	P	文	P	十二文	31
聒	P	麻	Z	-	31
脑	Z	-	Z	-	31
荪	P	文	P	十三元	31
蔚	Z	-	Z	-	31
诞	Z	-	Z	-	31
谕	Z	-	Z	-	31
趁	Z	-	Z	-	31
辖	P	麻	Z	-	31
迨	Z	-	Z	-	31
逋	P	姑	P	七虞	31
醆	Z	-	Z	-	31
锥	P	微	P	四支	31
闼	Z	-	Z	-	31
颔	Z	-	PZ	十三覃	31
骞	P	寒	P	十三元|一先	31
鲛	P	豪	P	三肴	31
亘	Z	-	Z	-	30
刊	P	寒	P	十四寒	30
効	Z	-	Z	-	30
坦	Z	-	Z	-	30
垠	P	文	P	十一真|十二文|十三元	30
幂	Z	-	PZ	九青	30
庖	P	豪	P	三肴	30
怳	Z	-	Z	-	30
恢	P	微	P	十灰	30
拄	Z	-	Z	-	30
捉	P	波	Z	-	30
搏	P	波	Z	-	30
摄	Z	-	Z	-	30
撼	Z	-	Z	-	30
旻	P	文	P	十一真	30
榼	P	波	Z	-	30
毳	Z	-	Z	-	30
泓	P	庚	P	八庚	30
泯	Z	-	PZ	十一真	30
浐	Z	-	Z	-	30
淙	P	庚	PZ	二冬|三江	30
烁	Z	-	Z	-	30
牓	Z	-	Z	-	30
猴	P	尤	P	十一尤	30
疴	P	波	P	-	30
盟	P	庚	PZ	八庚	30
究	P	尤	Z	-	30
粧	P	唐	P	-	30
葺	Z	-	Z	-	30
衿	P	文	P	十二侵	30
译	Z	-	Z	-	30
诫	Z	-	Z	-	30
貔	P	齐	P	四支	30
迂	P	齐	P	七虞	30
锐	Z	-	Z	-	30
雠	P	尤	P	-	30
霾	P	开	P	九佳	30
驽	P	姑	P	七虞	30
鸭	P	麻	Z	-	30
刈	Z	-	Z	-	29
娘	P	唐	P	七阳	29
庞	P	唐	P	一东|三江	29
摅	P	姑	P	六鱼	29
暾	P	文	P	十三元	29
朦	P	庚	P	一东	29
模	P	波	P	七虞	29
殚	P	寒	P	十四寒	29
沛	Z	-	Z	-	29
漉	Z	-	Z	-	29
猱	P	豪	P	四豪	29
琪	P	齐	P	四支	29
疗	P	豪	Z	-	29
瞿	P	齐	PZ	七虞	29
篙	P	豪	P	四豪	29
粤	Z	-	Z	-	29
罄	Z	-	Z	-	29
菩	P	姑	P	-	29
袜	Z	-	Z	-	29
讯	Z	-	Z	-	29
邵	Z	-	Z	-	29
酷	Z	-	Z	-	29
鏁	Z	-	Z	-	29
铎	P	波	Z	-	29
镳	P	豪	P	二萧	29
靖	Z	-	Z	-	29
飡	P	寒	P	-	29
垆	P	姑	P	六鱼|七虞	28
墉	P	庚	P	二冬	28
姜	P	唐	P	七阳	28
姻	P	文	P	十一真	28
宏	P	庚	P	八庚	28
嵌	Z	-	PZ	十五咸	28
幰	Z	-	Z	-	28
忡	P	庚	P	一东	28
惶	P	唐	P	七阳	28
捕	Z	-	Z	-	28
斫	P	波	Z	-	28
昊	Z	-	Z	-	28
杞	Z	-	Z	-	28
概	Z	-	Z	-	28
潸	P	寒	PZ	十五删	28
甍	P	庚	P	八庚	28
碌	Z	-	Z	-	28
聆	P	庚	P	九青	28
芷	Z	-	Z	-	28
虵	P	波	P	-	28
诡	Z	-	Z	-	28
谯	P	豪	P	二萧	28
醅	P	微	PZ	十灰	28
镞	P	姑	Z	-	28
鹂	P	齐	P	四支|八齐	28
鼍	P	波	P	五歌	28
克	Z	-	Z	-	27
协	P	皆	Z	-	27
唧	P	齐	Z	-	27
坑	P	庚	P	八庚	27
奖	Z	-	Z	-	27
弋	Z	-	Z	-	27
式	Z	-	Z	-	27
愔	P	文	P	十二侵	27
拒	Z	-	Z	-	27
拖	P	波	P	五歌	27
掘	P	皆	Z	-	27
桨	Z	-	Z	-	27
椿	P	文	P	十一真	27
殃	P	唐	P	七阳	27
毡	P	寒	P	一先	27
潋	Z	-	Z	-	27
玑	P	齐	P	五微	27
现	Z	-	Z	-	27
玷	Z	-	Z	-	27
畬	P	波	P	六鱼|六麻	27
盂	P	齐	P	七虞	27
砺	Z	-	Z	-	27
秣	Z	-	Z	-	27
筒	Z	-	P	一东	27
筯	Z	-	Z	-	27
箴	P	文	P	十二侵	27
粪	Z	-	Z	-	27
级	P	齐	Z	-	27
缑	P	尤	P	十一尤	27
缸	P	唐	P	三江	27
罴	P	齐	P	四支	27
罹	P	齐	P	四支	27
聋	P	庚	P	一东	27
腕	Z	-	Z	-	27
芭	P	麻	P	六麻	27
茏	P	庚	P	二冬	27
莼	P	文	P	十一真	27
讳	Z	-	Z	-	27
讹	P	波	P	五歌	27
谑	Z	-	Z	-	27
趂	Z	-	Z	-	27
蹲	P	文	P	十三元	27
镐	Z	-	Z	-	27
魑	P	支	P	四支	27
鹘	Z	-	Z	-	27
享	Z	-	Z	-	26
叱	Z	-	Z	-	26
寅	P	文	P	四支|十一真	26
尖	P	寒	P	十四盐	26
屣	Z	-	Z	-	26
嵚	P	文	P	十二侵	26
彊	Z	-	Z	-	26
徴	P	庚	P	-	26
懿	Z	-	Z	-	26
抃	Z	-	Z	-	26
掣	Z	-	Z	-	26
搆	Z	-	Z	-	26
槃	P	寒	P	-	26
沤	P	尤	PZ	十一尤	26
沱	P	波	PZ	五歌	26
燃	P	寒	P	-	26
甄	P	文	P	十一真|一先	26
甑	Z	-	PZ	十蒸	26
痍	P	齐	P	四支	26
皂	Z	-	Z	-	26
瞋	P	文	P	十一真	26
穉	Z	-	Z	-	26
篮	P	寒	P	十三覃	26
缣	P	寒	P	十四盐	26
翕	P	齐	Z	-	26
臭	Z	-	Z	-	26
舻	P	姑	P	七虞	26
虔	P	寒	P	一先	26
蚌	Z	-	Z	-	26
褥	Z	-	Z	-	26
襜	P	寒	PZ	十四盐	26
覃	P	寒	P	十三覃	26
诘	P	齐	Z	-	26
谭	P	寒	P	十三覃	26
贶	Z	-	Z	-	26
蹀	P	皆	Z	-	26
輙	P	波	P	-	26
遏	Z	-	Z	-	26
邃	Z	-	Z	-	26
醇	P	文	P	十一真	26
镊	Z	-	Z	-	26
隶	Z	-	Z	-	26
颙	P	庚	P	二冬	26
飧	P	文	P	十三元	26
鬣	Z	-	Z	-	26
鲵	P	齐	P	八齐	26
鸰	P	庚	P	九青	26
鹃	P	寒	P	一先	26
鹍	P	文	P	-	26
黜	Z	-	Z	-	26
𫛳	P	姑	P	-	26
呀	Z	-	PZ	六麻	25
呵	P	波	PZ	五歌	25
喘	Z	-	Z	-	25
嗷	P	豪	P	四豪	25
噬	Z	-	Z	-	25
姹	Z	-	Z	-	25
巳	Z	-	Z	-	25
廪	Z	-	Z	-	25
怱	P	庚	P	-	25
恳	Z	-	Z	-	25
朅	Z	-	Z	-	25
枳	Z	-	Z	-	25
汨	Z	-	Z	-	25
渍	Z	-	Z	-	25
炳	Z	-	Z	-	25
熠	Z	-	Z	-	25
燥	Z	-	Z	-	25
猪	P	姑	PZ	六鱼	25
璇	P	寒	P	一先	25
笏	Z	-	Z	-	25
絷	P	支	Z	-	25
缴	Z	-	Z	-	25
罔	Z	-	Z	-	25
翥	Z	-	Z	-	25
臻	P	文	P	十一真	25
荇	Z	-	Z	-	25
裟	P	麻	P	六麻	25
讥	P	齐	P	五微	25
诈	Z	-	Z	-	25
辀	P	尤	P	十一尤	25
逞	Z	-	Z	-	25
铙	P	豪	P	三肴	25
铢	P	姑	P	七虞	25
鼈	P	皆	P	-	25
仄	Z	-	Z	-	24
剃	Z	-	Z	-	24
卦	Z	-	Z	-	24
姪	P	支	P	-	24
娶	Z	-	Z	-	24
帬	P	文	P	-	24
幅	P	姑	Z	-	24
惩	P	庚	P	十蒸	24
掠	Z	-	Z	-	24
揆	P	微	Z	-	24
斥	Z	-	Z	-	24
桢	P	文	P	八庚	24
浃	P	麻	Z	-	24
漭	Z	-	Z	-	24
潢	P	唐	PZ	七阳	24
濠	P	豪	P	四豪	24
燠	Z	-	Z	-	24
畋	P	寒	PZ	一先	24
睛	P	庚	PZ	八庚	24
睢	P	微	PZ	四支	24
瞑	P	庚	PZ	九青	24
瞥	P	皆	Z	-	24
縠	P	姑	Z	-	24
绊	Z	-	Z	-	24
统	Z	-	Z	-	24
缪	P	尤	PZ	十一尤	24
翟	P	齐	Z	-	24
耗	Z	-	Z	-	24
臼	Z	-	Z	-	24
苕	P	豪	P	二萧	24
茧	Z	-	Z	-	24
薛	P	皆	Z	-	24
蜗	P	波	P	九佳|六麻	24
袈	P	麻	P	六麻	24
襦	P	姑	P	七虞	24
跪	Z	-	Z	-	24
蹬	P	庚	Z	-	24
迍	P	文	P	十一真	24
鞞	Z	-	Z	-	24
颦	P	文	P	十一真	24
馈	Z	-	Z	-	24
鲙	Z	-	Z	-	24
麈	Z	-	Z	-	24
侔	P	尤	P	十一尤	23
冽	Z	-	Z	-	23
勃	P	波	Z	-	23
匏	P	豪	P	三肴	23
厅	P	庚	P	九青	23
厕	Z	-	Z	-	23
厘	P	齐	P	-	23
孥	P	姑	PZ	七虞	23
峣	P	豪	P	二萧	23
崦	P	寒	PZ	十四盐	23
弁	Z	-	PZ	十四寒	23
戛	P	麻	Z	-	23
搅	Z	-	Z	-	23
撞	Z	-	PZ	三江	23
撷	P	皆	Z	-	23
朓	Z	-	PZ	二萧	23
枿	Z	-	Z	-	23
柽	P	庚	P	八庚	23
汹	P	庚	PZ	二冬	23
洋	P	唐	P	七阳	23
湫	Z	-	PZ	十一尤	23
犂	P	齐	P	-	23
皤	P	波	P	五歌	23
睥	Z	-	Z	-	23
签	P	寒	P	十四盐	23
纯	P	文	PZ	十一真|十三元|一先	23
缉	P	齐	Z	-	23
翱	P	豪	P	四豪	23
腴	P	齐	P	七虞	23
茹	P	姑	PZ	六鱼	23
蒋	Z	-	PZ	七阳	23
蔕	Z	-	Z	-	23
虱	P	支	Z	-	23
蚩	P	支	P	四支	23
蝴	P	姑	P	-	23
譬	Z	-	Z	-	23
赛	Z	-	Z	-	23
蹭	Z	-	Z	-	23
轲	P	波	PZ	五歌	23
较	Z	-	Z	-	23
遒	P	尤	P	十一尤	23
铓	P	唐	P	七阳	23
陬	P	尤	P	十一尤	23
鞅	P	唐	PZ	七阳	23
饷	Z	-	Z	-	23
骀	Z	-	PZ	十灰	23
鹡	P	齐	Z	-	23
么	Z	-	PZ	二萧|五歌	22
倩	Z	-	Z	-	22
哑	Z	-	PZ	六麻	22
囷	P	文	PZ	十一真	22
壳	P	波	Z	-	22
夤	P	文	P	十一真	22
姝	P	姑	P	七虞	22
嫔	P	文	P	十一真	22
完	P	寒	P	十四寒	22
审	Z	-	Z	-	22
惚	P	姑	Z	-	22
拏	P	麻	P	七虞|六麻	22
拓	Z	-	Z	-	22
晷	Z	-	Z	-	22
杓	P	豪	PZ	二萧	22
椀	Z	-	Z	-	22
汩	Z	-	Z	-	22
洮	P	豪	P	二萧|四豪	22
淋	P	文	P	十二侵	22
璜	P	唐	P	七阳	22
睇	Z	-	Z	-	22
簸	Z	-	Z	-	22
绢	Z	-	Z	-	22
缙	Z	-	Z	-	22
耒	Z	-	Z	-	22
荜	Z	-	Z	-	22
菖	P	唐	P	七阳	22
蜺	P	齐	P	-	22
裨	Z	-	P	四支	22
诰	Z	-	Z	-	22
谴	Z	-	Z	-	22
贳	Z	-	Z	-	22
躞	Z	-	Z	-	22
辂	Z	-	Z	-	22
鋋	P	寒	P	一先	22
钥	Z	-	Z	-	22
镌	P	寒	P	一先	22
骅	P	麻	P	六麻	22
髦	P	豪	P	四豪	22
鸮	P	豪	P	二萧	22
伎	Z	-	P	四支	21
劈	P	齐	Z	-	21
哺	Z	-	Z	-	21
嘤	P	庚	P	八庚	21
嘹	P	豪	PZ	二萧	21
坰	P	庚	P	九青	21
孕	Z	-	Z	-	21
拣	Z	-	Z	-	21
旐	Z	-	Z	-	21
晃	Z	-	Z	-	21
杭	P	唐	P	七阳	21
渝	P	齐	P	七虞	21
溆	Z	-	Z	-	21
珥	Z	-	Z	-	21
珰	P	唐	P	七阳	21
琵	P	齐	P	四支	21
琶	P	麻	P	六麻	21
璋	P	唐	P	七阳	21
瞬	Z	-	Z	-	21
碾	Z	-	Z	-	21
磻	P	寒	P	十四寒	21
绥	P	微	P	四支	21
芋	Z	-	PZ	七虞	21
荑	P	齐	P	八齐	21
蘅	P	庚	P	八庚	21
蚀	P	支	Z	-	21
蜕	Z	-	Z	-	21
蜩	P	豪	P	二萧	21
蝼	P	尤	P	十一尤	21
该	P	开	P	十灰	21
輭	Z	-	Z	-	21
逅	Z	-	Z	-	21
遯	Z	-	Z	-	21
邂	Z	-	Z	-	21
郄	Z	-	Z	-	21
酊	P	庚	Z	-	21
酩	Z	-	Z	-	21
酺	P	姑	PZ	七虞	21
铛	P	唐	P	七阳|八庚	21
飗	P	尤	P	-	21
黠	P	麻	Z	-	21
𬮱	P	文	P	十一真	21
亨	P	庚	P	八庚	20
亹	Z	-	PZ	十三元	20
仿	Z	-	Z	-	20
佗	P	波	P	五歌	20
划	Z	-	PZ	六麻	20
卞	Z	-	Z	-	20
喔	P	波	Z	-	20
坻	P	支	PZ	四支	20
垓	P	开	P	十灰	20
堠	Z	-	Z	-	20
壖	P	寒	P	-	20
妹	Z	-	Z	-	20
娉	P	庚	PZ	九青	20
娜	Z	-	Z	-	20
寮	P	豪	P	二萧	20
峙	Z	-	Z	-	20
恡	Z	-	Z	-	20
憧	P	庚	PZ	二冬	20
敕	Z	-	Z	-	20
桴	P	姑	P	七虞|十一尤	20
榔	P	唐	P	七阳	20
毘	P	齐	P	-	20
汶	Z	-	PZ	十二文	20
沂	P	齐	P	五微	20
泱	P	唐	PZ	七阳	20
淬	Z	-	Z	-	20
炬	Z	-	Z	-	20
燋	P	豪	PZ	二萧	20
瘼	Z	-	Z	-	20
皑	P	开	P	十灰	20
瞳	P	庚	P	一东	20
矻	P	姑	Z	-	20
祢	P	齐	Z	-	20
篷	P	庚	P	一东	20
簧	P	唐	P	七阳	20
粥	P	尤	Z	-	20
缇	P	齐	PZ	八齐	20
罘	P	姑	P	十一尤	20
翾	P	寒	P	一先	20
臧	P	唐	P	七阳	20
芍	P	豪	Z	-	20
茔	P	庚	P	八庚	20
萃	Z	-	Z	-	20
董	Z	-	Z	-	20
蜍	P	姑	P	六鱼	20
蠲	P	寒	P	一先	20
觐	Z	-	Z	-	20
距	Z	-	Z	-	20
躁	Z	-	Z	-	20
逦	Z	-	Z	-	20
鄂	Z	-	Z	-	20
鄱	P	波	P	五歌	20
醑	Z	-	Z	-	20
阍	P	文	P	十三元	20
队	Z	-	Z	-	20
鷃	Z	-	Z	-	20
鹪	P	豪	P	二萧	20
鹳	Z	-	Z	-	20
麓	Z	-	Z	-	20
𦶟	Z	-	Z	-	20
俾	Z	-	PZ	四支	19
兕	Z	-	Z	-	19
准	Z	-	Z	-	19
匕	Z	-	Z	-	19
匿	Z	-	Z	-	19
卵	Z	-	Z	-	19
咎	Z	-	PZ	四豪	19
唾	Z	-	Z	-	19
啜	Z	-	Z	-	19
堰	Z	-	Z	-	19
崄	Z	-	PZ	十四盐	19
嵋	P	微	P	四支	19
嶤	P	豪	P	-	19
巩	Z	-	Z	-	19
帟	Z	-	Z	-	19
徭	P	豪	P	-	19
忤	Z	-	Z	-	19
戾	Z	-	Z	-	19
普	Z	-	Z	-	19
椽	P	寒	P	一先	19
洼	P	麻	P	九佳|六麻	19
涡	P	波	P	五歌	19
湟	P	唐	P	七阳	19
牍	P	姑	Z	-	19
瓌	P	微	P	-	19
碓	Z	-	Z	-	19
祯	P	文	P	八庚	19
禊	Z	-	Z	-	19
穰	P	唐	PZ	七阳	19
绸	P	尤	P	四豪|十一尤	19
缃	P	唐	P	七阳	19
缟	Z	-	Z	-	19
罾	P	庚	P	十蒸	19
舷	P	寒	P	一先	19
芟	P	寒	P	十五咸	19
芹	P	文	P	十二文	19
蓠	P	齐	P	四支	19
虾	P	麻	P	六麻	19
謇	Z	-	Z	-	19
评	P	庚	PZ	八庚	19
询	P	文	P	十一真	19
诤	Z	-	Z	-	19
诬	P	姑	P	七虞	19
谦	P	寒	P	十四盐	19
赭	Z	-	Z	-	19
轼	Z	-	Z	-	19
辄	P	波	Z	-	19
酡	P	波	P	五歌	19
钏	Z	-	Z	-	19
钻	P	寒	PZ	十四寒	19
镫	Z	-	Z	-	19
霹	P	齐	Z	-	19
靥	Z	-	Z	-	19
騕	Z	-	Z	-	19
骂	Z	-	Z	-	19
骈	P	寒	P	一先	19
鹥	P	齐	P	八齐	19
鼯	P	姑	P	七虞	19
𬴂	P	微	P	五微	19
些	P	皆	PZ	五歌|六麻	18
仇	P	尤	P	十一尤	18
伟	Z	-	Z	-	18
佯	P	唐	P	七阳	18
僵	P	唐	P	七阳	18
刮	P	麻	Z	-	18
励	Z	-	Z	-	18
咤	Z	-	Z	-	18
啮	Z	-	Z	-	18
噫	P	齐	PZ	四支	18
娈	P	寒	PZ	十四寒	18
婷	P	庚	P	九青	18
孽	Z	-	Z	-	18
嵓	P	寒	P	-	18
嶷	P	齐	PZ	四支	18
彝	P	齐	P	四支	18
戆	Z	-	Z	-	18
晔	Z	-	Z	-	18
泸	P	姑	P	七虞	18
涘	Z	-	Z	-	18
涣	Z	-	Z	-	18
爰	P	寒	P	十三元	18
狞	P	庚	P	八庚	18
獭	Z	-	Z	-	18
琯	Z	-	Z	-	18
瑰	P	微	P	十灰	18
痊	P	寒	P	一先	18
眩	Z	-	Z	-	18
硕	Z	-	Z	-	18
秔	P	庚	P	-	18
繇	P	豪	PZ	二萧|十一尤	18
纩	Z	-	Z	-	18
绰	Z	-	Z	-	18
肿	Z	-	Z	-	18
胷	P	庚	P	-	18
荏	Z	-	Z	-	18
菼	Z	-	Z	-	18
薙	Z	-	Z	-	18
虺	P	微	PZ	十灰	18
蜉	P	姑	P	十一尤	18
螺	P	波	P	五歌	18
详	P	唐	P	七阳	18
貍	P	齐	P	-	18
贰	Z	-	Z	-	18
赍	P	齐	P	四支|八齐	18
赪	P	庚	P	八庚	18
迦	P	麻	P	五歌|六麻	18
逵	P	微	P	四支	18
醮	Z	-	Z	-	18
阐	Z	-	Z	-	18
隍	P	唐	P	七阳	18
雳	Z	-	Z	-	18
鞋	P	皆	P	九佳	18
驼	P	波	P	五歌	18
鹩	P	豪	PZ	二萧	18
𫄨	P	支	P	四支	18
侈	Z	-	Z	-	17
凑	Z	-	Z	-	17
叛	Z	-	Z	-	17
咿	P	齐	P	四支	17
嘈	P	豪	P	四豪	17
坳	Z	-	P	三肴	17
塍	P	庚	PZ	十蒸	17
孑	P	皆	Z	-	17
屹	Z	-	Z	-	17
崿	Z	-	Z	-	17
帔	Z	-	PZ	四支	17
弩	Z	-	Z	-	17
拈	P	寒	P	十四盐	17
挠	P	豪	PZ	三肴|四豪	17
攲	P	齐	P	-	17
杲	Z	-	Z	-	17
栅	Z	-	Z	-	17
棺	P	寒	P	十四寒	17
槌	P	微	PZ	四支	17
橹	Z	-	Z	-	17
歧	P	齐	P	四支	17
氅	Z	-	Z	-	17
沴	Z	-	Z	-	17
泳	Z	-	Z	-	17
泷	P	庚	P	三江	17
溉	Z	-	Z	-	17
滂	P	唐	P	七阳	17
澣	Z	-	Z	-	17
瀚	Z	-	Z	-	17
瀼	P	唐	P	七阳	17
炯	Z	-	Z	-	17
炷	Z	-	Z	-	17
烘	P	庚	P	一东	17
燧	Z	-	Z	-	17
狡	Z	-	Z	-	17
猗	P	齐	P	四支	17
畎	Z	-	Z	-	17
畧	Z	-	Z	-	17
瘵	Z	-	Z	-	17
盲	P	唐	P	八庚	17
磵	Z	-	Z	-	17
秃	P	姑	Z	-	17
糠	P	唐	P	-	17
紧	Z	-	Z	-	17
纻	Z	-	Z	-	17
绀	Z	-	Z	-	17
罚	P	麻	Z	-	17
罟	Z	-	Z	-	17
脊	P	齐	Z	-	17
腑	Z	-	Z	-	17
艘	P	尤	P	四豪	17
荚	P	麻	Z	-	17
袴	Z	-	Z	-	17
褊	Z	-	PZ	一先	17
襃	P	豪	P	-	17
豕	Z	-	Z	-	17
贷	Z	-	Z	-	17
赓	P	庚	P	八庚	17
赢	P	庚	P	八庚	17
跂	P	齐	Z	-	17
酤	P	姑	PZ	七虞	17
釭	P	唐	P	一东|三江	17
锸	P	麻	Z	-	17
隗	P	微	PZ	四支|十灰	17
雰	P	文	P	十二文	17
霈	Z	-	Z	-	17
颗	P	波	Z	-	17
饼	Z	-	Z	-	17
馁	Z	-	Z	-	17
魍	Z	-	Z	-	17
鸷	Z	-	Z	-	17
𦈡	P	齐	P	七虞	17
𪭢	Z	-	Z	-	17
𫐌	Z	-	Z	-	17
㶉	P	齐	P	八齐	16
亥	Z	-	Z	-	16
仅	Z	-	Z	-	16
刁	P	豪	P	二萧	16
卯	Z	-	Z	-	16
哗	P	麻	P	六麻	16
啻	Z	-	Z	-	16
圻	P	齐	P	五微	16
嫉	P	齐	Z	-	16
孀	P	唐	P	七阳	16
孜	P	支	P	四支	16
徨	P	唐	P	七阳	16
怏	Z	-	PZ	七阳	16
愉	P	齐	P	七虞	16
懦	Z	-	PZ	七虞	16
搘	P	支	P	-	16
斛	P	姑	Z	-	16
旰	Z	-	Z	-	16
柜	Z	-	Z	-	16
椶	P	庚	P	-	16
沌	Z	-	PZ	十三元	16
泼	P	波	Z	-	16
渎	P	姑	Z	-	16
炽	Z	-	Z	-	16
烝	P	庚	PZ	十蒸	16
熬	P	豪	P	四豪	16
牒	P	皆	Z	-	16
猩	P	庚	P	八庚|九青	16
珉	P	文	P	-	16
畹	Z	-	Z	-	16
皴	P	文	P	十一真	16
砥	Z	-	PZ	四支	16
笈	P	齐	Z	-	16
筮	Z	-	Z	-	16
罩	Z	-	Z	-	16
脍	Z	-	Z	-	16
舄	Z	-	Z	-	16
茆	P	豪	Z	-	16
荥	P	庚	P	八庚|九青	16
萄	P	豪	P	四豪	16
蒂	Z	-	Z	-	16
蘗	Z	-	Z	-	16
蜻	P	庚	P	八庚	16
蝣	P	尤	P	十一尤	16
觏	Z	-	Z	-	16
贴	P	皆	Z	-	16
赁	Z	-	Z	-	16
跄	P	唐	P	七阳	16
轝	Z	-	Z	-	16
镝	P	齐	Z	-	16
隟	Z	-	Z	-	16
雹	P	豪	Z	-	16
鞲	P	尤	PZ	十一尤	16
颖	Z	-	Z	-	16
估	P	姑	Z	-	15
伽	P	麻	P	五歌	15
例	Z	-	Z	-	15
刳	P	姑	P	七虞	15
嘒	Z	-	Z	-	15
囿	Z	-	Z	-	15
垫	Z	-	Z	-	15
埒	Z	-	Z	-	15
娄	P	尤	P	七虞|十一尤	15
嫂	Z	-	Z	-	15
帜	Z	-	Z	-	15
弛	P	支	PZ	四支	15
弼	Z	-	Z	-	15
恕	Z	-	Z	-	15
抄	P	豪	P	-	15
揜	Z	-	Z	-	15
攘	Z	-	PZ	七阳	15
斝	Z	-	Z	-	15
栾	P	寒	P	十四寒	15
椎	P	微	P	四支	15
楸	P	尤	P	十一尤	15
槽	P	豪	P	四豪	15
橙	P	庚	PZ	八庚	15
氓	P	唐	P	八庚	15
汜	Z	-	Z	-	15
沚	Z	-	Z	-	15
湮	P	寒	P	十一真|一先	15
瀍	P	寒	P	一先	15
牟	P	尤	P	十一尤	15
猕	P	齐	P	-	15
獬	Z	-	Z	-	15
玺	Z	-	Z	-	15
瑜	P	齐	P	七虞	15
璠	P	寒	P	十三元	15
璨	Z	-	Z	-	15
皱	Z	-	Z	-	15
睫	P	皆	Z	-	15
矰	P	庚	P	十蒸	15
础	Z	-	Z	-	15
窘	Z	-	Z	-	15
筭	Z	-	Z	-	15
籞	Z	-	Z	-	15
纠	P	尤	PZ	十一尤	15
绠	Z	-	Z	-	15
罏	P	姑	P	-	15
羔	P	豪	P	四豪	15
耨	Z	-	Z	-	15
舳	P	姑	Z	-	15
苓	P	庚	P	九青	15
荃	P	寒	P	一先	15
菁	P	庚	P	八庚	15
蕊	Z	-	Z	-	15
虿	Z	-	Z	-	15
蚋	Z	-	Z	-	15
蟹	Z	-	Z	-	15
诠	P	寒	P	一先	15
谄	Z	-	Z	-	15
豚	P	文	P	十三元	15
赀	P	支	P	四支	15
踞	Z	-	Z	-	15
轰	P	庚	P	八庚	15
轳	P	姑	P	七虞	15
逊	Z	-	Z	-	15
鉏	P	姑	P	-	15
铩	P	麻	Z	-	15
霤	Z	-	Z	-	15
飐	Z	-	Z	-	15
魉	Z	-	Z	-	15
鲂	P	唐	P	七阳	15
鴂	P	皆	P	-	15
鹫	Z	-	Z	-	15
𫛶	Z	-	Z	-	15
𬸚	Z	-	Z	-	15
𬸣	P	寒	P	十三元	15
𬸦	P	波	P	-	15
伺	Z	-	Z	-	14
倜	Z	-	Z	-	14
冗	Z	-	Z	-	14
匙	Z	-	P	四支	14
匳	P	寒	P	-	14
咆	P	豪	P	三肴	14
咒	Z	-	Z	-	14
哮	P	豪	P	三肴	14
妥	Z	-	Z	-	14
婺	Z	-	Z	-	14
嵒	P	寒	P	-	14
恓	P	齐	P	-	14
悒	Z	-	Z	-	14
悭	P	寒	P	十五删	14
惸	P	庚	P	八庚	14
慑	Z	-	Z	-	14
挫	Z	-	Z	-	14
摛	P	支	P	四支	14
摵	Z	-	Z	-	14
敏	Z	-	Z	-	14
旛	P	寒	P	-	14
旟	P	齐	P	六鱼	14
欃	P	寒	P	十五咸	14
沄	P	文	P	十二文|十三元	14
泮	Z	-	Z	-	14
滉	Z	-	Z	-	14
滤	Z	-	Z	-	14
滪	Z	-	Z	-	14
漓	P	齐	P	四支	14
潼	P	庚	P	一东	14
澒	Z	-	Z	-	14
澥	Z	-	Z	-	14
灿	Z	-	Z	-	14
牲	P	庚	P	八庚	14
瓠	Z	-	PZ	七虞	14
甥	P	庚	P	八庚	14
皐	P	豪	P	-	14
皪	Z	-	Z	-	14
矩	Z	-	Z	-	14
硎	P	庚	P	九青	14
碪	P	文	P	-	14
祲	Z	-	PZ	十二侵	14
穽	Z	-	Z	-	14
窍	Z	-	Z	-	14
箸	Z	-	Z	-	14
缯	P	庚	P	十蒸	14
罝	P	齐	P	六鱼|六麻	14
肖	Z	-	Z	-	14
荤	P	文	P	十二文	14
萨	Z	-	Z	-	14
葆	Z	-	Z	-	14
蔗	Z	-	Z	-	14
藁	Z	-	Z	-	14
蘼	P	齐	PZ	四支	14
虐	Z	-	Z	-	14
蛤	P	麻	Z	-	14
蛱	P	麻	Z	-	14
蛸	P	豪	P	二萧|三肴	14
蜘	P	支	P	四支	14
螀	P	唐	P	七阳	14
蟆	P	麻	P	六麻	14
蟏	P	豪	P	二萧	14
蠖	Z	-	Z	-	14
谔	Z	-	Z	-	14
贲	P	文	PZ	十二文|十三元	14
赦	Z	-	Z	-	14
踊	Z	-	Z	-	14
踵	Z	-	Z	-	14
蹴	Z	-	Z	-	14
辘	Z	-	Z	-	14
遘	Z	-	Z	-	14
酆	P	庚	P	一东	14
镕	P	庚	P	二冬	14
鞬	P	寒	PZ	十三元	14
颕	Z	-	Z	-	14
飔	P	支	P	四支	14
鲲	P	文	P	十三元	14
鳣	P	寒	P	十四寒|一先	14
鹚	P	支	P	四支	14
鹯	P	寒	P	一先	14
𫛸	P	齐	P	八齐	14
侪	P	开	P	九佳	13
兜	P	尤	P	十一尤	13
冏	Z	-	Z	-	13
删	P	寒	P	十五删	13
卸	Z	-	Z	-	13
吝	Z	-	Z	-	13
呻	P	文	P	十一真	13
咬	Z	-	PZ	三肴	13
啧	P	波	Z	-	13
嗅	Z	-	Z	-	13
噉	Z	-	Z	-	13
埙	P	文	P	十三元	13
壅	P	庚	PZ	二冬	13
奄	Z	-	Z	-	13
婀	P	波	Z	-	13
庑	Z	-	PZ	七虞	13
廐	Z	-	Z	-	13
惰	Z	-	Z	-	13
愠	Z	-	Z	-	13
抢	Z	-	PZ	七阳	13
拯	Z	-	Z	-	13
擡	P	开	P	-	13
敻	Z	-	Z	-	13
昽	P	庚	P	一东	13
晡	P	姑	P	七虞	13
枻	Z	-	Z	-	13
柝	Z	-	Z	-	13
核	P	波	Z	-	13
楞	P	庚	P	十蒸	13
橡	Z	-	Z	-	13
毗	P	齐	P	四支	13
沆	Z	-	Z	-	13
沣	P	庚	P	一东	13
泞	Z	-	Z	-	13
浚	Z	-	Z	-	13
浥	Z	-	Z	-	13
瀁	Z	-	Z	-	13
猖	P	唐	P	七阳	13
玙	P	齐	P	六鱼	13
甜	P	寒	P	十四盐	13
瘿	Z	-	PZ	八庚	13
磔	P	波	Z	-	13
祓	P	姑	Z	-	13
