0	0	21	597606
1	21	23	1008891
2	23	30	752574
3	30	31	1581242
4	31	36	1629283
5	36	50	507749
6	50	51	1073570
7	51	75	3057346
8	75	79	617414
9	79	86	805587
10	86	95	662910
11	95	121	957314
12	121	157	514867
13	157	199	505707
14	199	240	500974
15	240	256	586313
16	256	271	570964
17	271	284	632358
18	284	299	516069
19	299	355	500780
20	355	376	643878
21	376	479	560256
22	479	623	503335
23	623	728	543934
24	728	745	503181
25	745	822	500204
26	822	862	576848
27	862	1102	519448
28	1102	1108	744864
29	1108	1112	647213
30	1112	1134	537856
31	1134	1141	523277
32	1141	1157	510733
33	1157	1187	529254
34	1187	1259	581209
35	1259	1325	500470
36	1325	1345	616305
37	1345	1538	524706
38	1538	1644	1144467
39	1644	1659	537696
40	1659	1667	506372
41	1667	1703	726196
42	1703	1736	503555
43	1736	1767	695509
44	1767	1850	665732
45	1850	1940	506928
46	1940	2074	500688
47	2074	2195	632849
48	2195	2206	658421
49	2206	2245	599198
50	2245	2340	973778
51	2340	2489	521550
52	2489	2602	605109
53	2602	2614	502252
54	2614	2648	943812
55	2648	2680	555218
56	2680	2713	938852
57	2713	2733	579318
58	2733	2784	596448
59	2784	2811	1688817
60	2811	2931	513540
61	2931	3088	504979
62	3088	3101	551925
63	3101	3145	685486
64	3145	3208	500905
65	3208	3246	511325
66	3246	3395	510913
67	3395	3568	519167
68	3568	3574	621847
69	3574	3579	504026
70	3579	3583	726457
71	3583	3589	593343
72	3589	3601	517866
73	3601	3607	552343
74	3607	3623	921920
75	3623	3634	566154
76	3634	3653	688365
77	3653	3670	855561
78	3670	3688	613566
79	3688	3750	873894
80	3750	3766	579415
81	3766	3823	500097
82	3823	3867	610540
83	3867	3915	559292
84	3915	3959	511355
85	3959	4048	522228
86	4048	4237	622378
87	4237	4238	1599665
88	4238	4241	569225
89	4241	4250	1749559
90	4250	4255	608770
91	4255	4264	1136117
92	4264	4268	512840
93	4268	4293	1484605
94	4293	4297	3464819
95	4297	4338	571545
96	4338	4344	736830
97	4344	4347	1126069
98	4347	4402	1170583
99	4402	4428	550265
100	4428	4439	513119
101	4439	4467	749196
102	4467	4482	879630
103	4482	4501	1208308
104	4501	4678	500661
105	4678	4785	526454
106	4785	5052	552198
107	5052	5068	850315
108	5068	5093	1271877
109	5093	5104	1304051
110	5104	5125	1565912
111	5125	5180	635819
112	5180	5215	508182
113	5215	5359	502686
114	5359	5368	894293
115	5368	5493	538460
116	5493	5554	509357
117	5554	5913	529593
118	5913	6058	501063
119	6058	6188	599989
120	6188	6356	572691
121	6356	6504	640530
122	6504	6716	501080
123	6716	6932	513437
124	6932	7132	502805
125	7132	7287	500040
126	7287	7406	691478
127	7406	7407	1948032
128	7407	7415	578173
129	7415	7440	505501
130	7440	7459	858931
131	7459	7471	1037191
132	7471	7502	501523
133	7502	7582	505025
134	7582	7845	599469
135	7845	7929	503510
136	7929	8208	1040866
137	8208	8227	558340
138	8227	8283	534465
139	8283	8308	759631
140	8308	8433	511464
141	8433	8673	568246
142	8673	8678	947787
143	8678	8689	1551381
144	8689	8710	663529
145	8710	8730	1517324
146	8730	8747	528252
147	8747	8757	525109
148	8757	8767	557905
149	8767	8825	511985
150	8825	8953	501153
151	8953	8961	540291
152	8961	8964	555211
153	8964	8987	905096
154	8987	9015	1230665
155	9015	9070	546129
156	9070	9367	547025
157	9367	9418	500315
158	9418	9465	522387
159	9465	9650	604912
160	9650	9651	1725141
161	9651	9658	820659
162	9658	9683	547977
163	9683	9704	562940
164	9704	9714	738238
165	9714	9788	506435
166	9788	10010	577923
167	10010	10044	555360
168	10044	10092	500062
169	10092	10121	1080901
170	10121	10203	521880
171	10203	10352	509992
172	10352	10377	1007051
173	10377	10399	724667
174	10399	10416	510038
175	10416	10516	501101
176	10516	10612	1363565
177	10612	10644	586850
178	10644	10680	648405
179	10680	10730	501752
180	10730	10758	504840
181	10758	10803	665527
182	10803	10838	503709
183	10838	10979	507550
184	10979	10985	918665
185	10985	10999	631130
186	10999	11228	507639
187	11228	11380	886157
188	11380	11426	529282
189	11426	11526	548889
190	11526	11684	549496
191	11684	11718	1008620
192	11718	11826	711058
193	11826	12025	2022553
194	12025	12027	2860373
195	12027	12075	649731
196	12075	12084	562408
197	12084	12096	1371457
198	12096	12111	1101614
199	12111	12138	654201
200	12138	12200	513856
201	12200	12292	616573
202	12292	12435	651363
203	12435	12472	508385
204	12472	12530	500215
205	12530	12601	510792
206	12601	12901	510991
207	12901	13031	597879
208	13031	13053	659898
209	13053	13089	661676
210	13089	13131	537390
211	13131	13157	700045
212	13157	13203	524750
213	13203	13237	594809
214	13237	13285	560004
215	13285	13354	510425
216	13354	13505	518667
217	13505	13550	500822
218	13550	13704	517173
219	13704	13743	544335
220	13743	13846	522353
221	13846	14148	932303
222	14148	14158	938101
223	14158	14162	1400365
224	14162	14207	1040557
225	14207	14215	683470
226	14215	14236	741520
227	14236	14286	671700
228	14286	14334	890202
229	14334	14464	508325
230	14464	14628	500135
231	14628	14662	584199
232	14662	14682	504380
233	14682	14795	500002
234	14795	15004	545155
235	15004	15077	519892
236	15077	15108	528411
237	15108	15157	523750
238	15157	15254	506285
239	15254	15371	527287
240	15371	15382	1510801
241	15382	15422	500009
242	15422	15519	551674
243	15519	15728	554506
244	15728	16018	854497
245	16018	16194	515520
246	16194	16294	555586
247	16294	16443	1967895
248	16443	16447	1055519
249	16447	16457	647312
250	16457	16473	699928
251	16473	16497	695564
252	16497	16548	541343
253	16548	16568	504440
254	16568	16642	566968
255	16642	16674	681698
256	16674	16691	558576
257	16691	16758	515794
258	16758	17094	507875
259	17094	17138	503666
260	17138	17192	555628
261	17192	17382	503589
262	17382	17488	505832
263	17488	17731	508263
264	17731	17776	583771
265	17776	18092	1215227
266	18092	18120	502045
267	18120	18164	502649
268	18164	18186	528733
269	18186	18275	509731
270	18275	18419	549296
271	18419	18553	653759
272	18553	18557	631027
273	18557	18560	3022212
274	18560	18567	522417
275	18567	18569	707817
276	18569	18584	540186
277	18584	18610	506010
278	18610	18621	688770
279	18621	18866	518500
280	18866	18882	626752
281	18882	18887	575050
282	18887	18901	567610
283	18901	18945	532374
284	18945	18948	834893
285	18948	19015	521751
286	19015	19134	508982
287	19134	19147	524348
288	19147	19439	504666
289	19439	19663	500810
290	19663	19779	590645
291	19779	19836	513866
292	19836	20000	568667
293	20000	20001	2740087
294	20001	20009	1060613
295	20009	20027	504514
296	20027	20036	742369
297	20036	20048	1567284
298	20048	20071	502919
299	20071	20119	710352
300	20119	20229	517647
301	20229	20283	527152
302	20283	20347	507384
303	20347	20470	501476
304	20470	20565	513759
305	20565	20590	834726
306	20590	20736	502302
307	20736	20854	566812
308	20854	20899	647412
309	20899	20921	508242
310	20921	21033	500014
311	21033	21233	503591
312	21233	21495	595897
313	21495	21520	4279226
314	21520	21533	551361
315	21533	21539	577882
316	21539	21548	511067
317	21548	21553	542450
318	21553	21587	541550
319	21587	21619	530958
320	21619	21802	570365
321	21802	22075	654098
322	22075	22084	554900
323	22084	22097	507424
324	22097	22108	526247
325	22108	22149	521746
326	22149	22186	500105
327	22186	22236	560440
328	22236	22252	531365
329	22252	22419	500178
330	22419	22520	508994
331	22520	22613	720628
332	22613	22615	690833
333	22615	22645	924322
334	22645	22651	594992
335	22651	22659	1069009
336	22659	22748	571701
337	22748	22796	633058
338	22796	22812	829244
339	22812	22819	1688732
340	22819	22831	508655
341	22831	22834	519771
342	22834	22842	1133756
343	22842	22854	1130953
344	22854	22859	1944066
345	22859	22899	661227
346	22899	22917	621979
347	22917	22969	725577
348	22969	23152	579407
349	23152	23346	584171
350	23346	23505	552352
351	23505	23787	522830
352	23787	23864	651344
353	23864	23887	778920
354	23887	24153	583547
355	24153	24427	501910
356	24427	24545	619707
357	24545	24773	596539
358	24773	24845	502097
359	24845	25251	512332
360	25251	25392	723448
361	25392	25412	526671
362	25412	25440	501365
363	25440	25464	554714
364	25464	25559	514260
365	25559	25626	615203
366	25626	25688	516659
367	25688	25792	573244
368	25792	26059	503452
369	26059	26088	925029
370	26088	26151	523448
371	26151	26213	510381
372	26213	26358	503779
373	26358	26626	500909
374	26626	26680	524456
375	26680	26775	504326
376	26775	26888	596024
377	26888	26899	957713
378	26899	27040	589844
379	27040	27178	531088
380	27178	27576	500057
381	27576	27792	514115
382	27792	27885	519233
383	27885	28116	501237
384	28116	28260	530470
385	28260	28494	570555
386	28494	28687	503979
387	28687	28784	518984
388	28784	29104	509840
389	29104	29154	627651
390	29154	29295	500604
391	29295	29651	500104
392	29651	29834	557876
393	29834	30017	511628
394	30017	30253	643655
395	30253	30295	522846
396	30295	30385	513549
397	30385	30553	2214131
398	30553	30643	508578
399	30643	30682	756510
400	30682	30723	520153
401	30723	30762	524239
402	30762	30811	507221
403	30811	30921	807982
404	30921	30976	546736
405	30976	31048	526213
406	31048	31144	514070
407	31144	31193	752323
408	31193	31200	514265
409	31200	31346	506587
410	31346	31487	1736488
411	31487	31506	537834
412	31506	31531	508681
413	31531	31532	626339
414	31532	31548	500449
415	31548	31595	720416
416	31595	31616	890040
417	31616	31640	1594870
418	31640	31671	716054
419	31671	31714	512947
420	31714	31796	546559
421	31796	32036	523174
422	32036	32037	618508
423	32037	32062	501056
424	32062	32207	504252
425	32207	32445	688359
426	32445	32577	538713
427	32577	32730	558131
428	32730	32741	1123958
429	32741	32763	725877
430	32763	32851	519226
431	32851	32983	527537
432	32983	33135	556144
433	33135	33306	552191
434	33306	33473	556436
435	33473	33511	554018
436	33511	33580	586772
437	33580	33669	989932
438	33669	33673	1301197
439	33673	33698	646089
440	33698	33716	533403
441	33716	33729	526223
442	33729	33895	502084
443	33895	33979	618878
444	33979	34000	680590
445	34000	34063	529010
446	34063	34230	500228
447	34230	34326	528451
448	34326	34599	829019
449	34599	34647	632523
450	34647	34660	616750
451	34660	34719	553843
452	34719	34855	754892
453	34855	34919	512631
454	34919	34967	787508
455	34967	34970	774213
456	34970	34984	738424
457	34984	35003	590517
458	35003	35052	568455
459	35052	35130	567243
460	35130	35316	523279
461	35316	35329	661286
462	35329	35392	521713
463	35392	35498	501788
464	35498	35587	517993
465	35587	35646	527676
466	35646	35737	523638
467	35737	35883	500978
468	35883	36005	588760
469	36005	36106	502236
470	36106	36222	886444
471	36222	36240	511543
472	36240	36295	553875
473	36295	36407	516707
474	36407	36581	517743
475	36581	36721	602605
476	36721	36896	530406
477	36896	37059	508547
478	37059	37223	657577
479	37223	37256	508705
480	37256	37306	554704
481	37306	37520	500174
482	37520	37738	504072
483	37738	37842	506296
484	37842	38095	514373
485	38095	38115	953706
486	38115	38164	733914
487	38164	38263	551069
488	38263	38364	603147
489	38364	38486	1313970
490	38486	38528	703424
491	38528	38599	874598
492	38599	38863	617435
493	38863	39127	893032
494	39127	39387	502449
495	39387	39480	708393
496	39480	39552	516289
497	39552	39755	502420
498	39755	39854	546391
499	39854	40080	509637
500	40080	40240	516643
501	40240	40340	581991
502	40340	40384	550150
503	40384	40548	739017
504	40548	40583	534115
505	40583	40743	504823
506	40743	40760	575479
507	40760	40921	534406
508	40921	40960	866572
509	40960	41055	508917
510	41055	41335	622027
511	41335	41647	500306
512	41647	41801	541294
513	41801	41808	550815
514	41808	41824	500473
515	41824	41868	596101
516	41868	41892	504561
517	41892	42055	505248
518	42055	42204	618126
519	42204	42353	530102
520	42353	42413	565405
521	42413	42599	573519
522	42599	42699	508502
523	42699	42761	507205
524	42761	42896	504371
525	42896	43047	658174
526	43047	43076	1031592
527	43076	43085	595895
528	43085	43115	533869
529	43115	43175	500039
530	43175	43261	628007
531	43261	43440	608296
532	43440	43714	513080
533	43714	43961	775073
534	43961	44399	518270
535	44399	44627	521739
536	44627	44715	1532340
537	44715	44742	512877
538	44742	44744	584036
539	44744	44755	540479
540	44755	44861	541002
541	44861	44909	500117
542	44909	45313	522396
543	45313	45385	687837
544	45385	45395	551270
545	45395	45401	1488551
546	45401	45630	514391
547	45630	45766	518791
548	45766	45920	679237
549	45920	46100	503350
550	46100	46197	500290
551	46197	46332	2477953
552	46332	46424	705463
553	46424	46574	513205
554	46574	46581	1256407
555	46581	46592	1443380
556	46592	46604	519592
557	46604	46707	509014
558	46707	46898	501794
559	46898	47085	507150
560	47085	47142	515774
561	47142	47242	532413
562	47242	47288	557006
563	47288	47638	513722
564	47638	47703	617482
565	47703	47776	507600
566	47776	47901	505033
567	47901	48083	549250
568	48083	48260	532110
569	48260	48327	516040
570	48327	48466	635881
571	48466	48530	509783
572	48530	48838	508926
573	48838	48995	805826
574	48995	49276	507219
575	49276	49501	658811
576	49501	49571	629472
577	49571	49664	531717
578	49664	49858	500014
579	49858	49999	556344
580	49999	50205	502092
581	50205	50411	508562
582	50411	50531	500438
583	50531	50679	538855
584	50679	50830	527781
585	50830	51153	522053
586	51153	51255	501952
587	51255	51324	531399
588	51324	51539	568044
589	51539	51752	577655
590	51752	51902	500831
591	51902	51919	514671
592	51919	52141	515292
593	52141	52279	531376
594	52279	52286	624808
595	52286	52317	527570
596	52317	52537	544673
597	52537	52764	514754
598	52764	52950	506299
599	52950	53072	1042434
600	53072	53266	567651
601	53266	53276	522177
602	53276	53344	721433
603	53344	53574	500181
604	53574	53658	541275
605	53658	53837	564185
606	53837	54024	509665
607	54024	54262	519251
608	54262	54315	521395
609	54315	54346	517831
610	54346	54555	562304
611	54555	54745	1173737
612	54745	54748	524141
613	54748	54753	618616
614	54753	54904	500070
615	54904	55093	657072
616	55093	55120	615920
617	55120	55266	540456
618	55266	55315	859392
619	55315	55337	773587
620	55337	55389	515325
621	55389	55450	507219
622	55450	55588	616280
623	55588	55819	500839
624	55819	55902	566478
625	55902	56039	500198
626	56039	56250	757654
627	56250	56264	763205
628	56264	56309	511194
629	56309	56624	573270
630	56624	56698	660551
631	56698	56704	1174096
632	56704	56733	817272
633	56733	56809	511090
634	56809	57008	510116
635	57008	57176	503599
636	57176	57313	511569
637	57313	57545	503881
638	57545	57658	712618
639	57658	57764	512987
640	57764	58014	543439
641	58014	58149	561842
642	58149	58220	765159
643	58220	58505	521814
644	58505	58650	670250
645	58650	58750	522797
646	58750	58830	571226
647	58830	58945	503140
648	58945	59086	558453
649	59086	59218	500668
650	59218	59412	553744
651	59412	59563	669867
652	59563	59587	537174
653	59587	59605	549706
654	59605	59794	539271
655	59794	60073	596651
656	60073	60098	637611
657	60098	60412	512208
658	60412	60489	515132
659	60489	60557	543086
660	60557	60798	505622
661	60798	60904	511142
662	60904	61177	640175
663	61177	61355	1034678
664	61355	61423	1117221
665	61423	61428	919811
666	61428	61505	830147
667	61505	61666	516487
668	61666	61880	577265
669	61880	61945	526550
670	61945	62013	528807
671	62013	62324	569131
672	62324	62510	502623
673	62510	62593	505653
674	62593	62789	522202
675	62789	62924	526713
676	62924	63058	1020997
677	63058	63060	560436
678	63060	63280	504193
679	63280	63581	506429
680	63581	63721	507759
681	63721	63828	536030
682	63828	63977	1074446
683	63977	64162	522544
684	64162	64366	534576
685	64366	64383	503681
686	64383	64574	504702
687	64574	64812	506054
688	64812	64922	515516
689	64922	65072	503316
690	65072	65235	584573
691	65235	65304	2965842
692	65304	65341	1427059
693	65341	65514	596405
694	65514	65790	640634
695	65790	65982	530721
696	65982	66145	552654
697	66145	66246	530804
698	66246	66270	542255
699	66270	66404	513349
700	66404	66578	503877
701	66578	66810	505961
702	66810	66882	508558
703	66882	66937	1739327
704	66937	66984	502460
705	66984	67118	832892
706	67118	67236	575123
707	67236	67334	673565
708	67334	67412	503245
709	67412	67600	508944
710	67600	67787	694922
711	67787	67806	637564
712	67806	67837	629749
713	67837	67945	505384
714	67945	68056	540096
715	68056	68196	630068
716	68196	68356	500573
717	68356	68501	793027
718	68501	68518	748985
719	68518	68673	502254
720	68673	68745	761715
721	68745	68943	521948
722	68943	69040	541726
723	69040	69243	1775823
724	69243	69377	718707
725	69377	69587	501251
726	69587	69606	819298
727	69606	69707	502002
728	69707	69754	798746
729	69754	69853	540088
730	69853	69943	550404
731	69943	70061	527576
732	70061	70230	538353
733	70230	70327	887233
734	70327	70380	530299
735	70380	70414	633683
736	70414	70434	768664
737	70434	70527	524481
738	70527	70591	645287
739	70591	70592	616131
740	70592	70594	670809
741	70594	70605	395279
